Number	Name	Type_1	Type_2	Total	HP	Attack	Defense	Sp_Atk	Sp_Def	Speed	Generation	isLegendary	Color	hasGender	Pr_Male	Egg_Group_1	Egg_Group_2	hasMegaEvolution	Height_m	Weight_kg	Catch_Rate	Body_Style
1	Bulbasaur	Grass	Poison	318	45	49	49	65	65	45	1	False	Green	True	0.875	Monster	Grass	False	0.71	6.9	45	quadruped
2	Ivysaur	Grass	Poison	405	60	62	63	80	80	60	1	False	Green	True	0.875	Monster	Grass	False	0.99	13.0	45	quadruped
3	Venusaur	Grass	Poison	525	80	82	83	100	100	80	1	False	Green	True	0.875	Monster	Grass	True	2.01	100.0	45	quadruped
4	Charmander	Fire		309	39	52	43	60	50	65	1	False	Red	True	0.875	Monster	Dragon	False	0.61	8.5	45	bipedal_tailed
5	Charmeleon	Fire		405	58	64	58	80	65	80	1	False	Red	True	0.875	Monster	Dragon	False	1.09	19.0	45	bipedal_tailed
6	Charizard	Fire	Flying	534	78	84	78	109	85	100	1	False	Red	True	0.875	Monster	Dragon	True	1.70	90.5	45	bipedal_tailed
7	Squirtle	Water		314	44	48	65	50	64	43	1	False	Blue	True	0.875	Monster	Water_1	False	0.51	9.0	45	bipedal_tailed
8	Wartortle	Water		405	59	63	80	65	80	58	1	False	Blue	True	0.875	Monster	Water_1	False	0.99	22.5	45	bipedal_tailed
9	Blastoise	Water		530	79	83	100	85	105	78	1	False	Blue	True	0.875	Monster	Water_1	True	1.60	85.5	45	bipedal_tailed
10	Caterpie	Bug		195	45	30	35	20	20	45	1	False	Green	True	0.5	Bug		False	0.30	2.9	255	insectoid
11	Metapod	Bug		205	50	20	55	25	25	30	1	False	Green	True	0.5	Bug		False	0.71	9.9	120	serpentine_body
12	Butterfree	Bug	Flying	395	60	45	50	90	80	70	1	False	White	True	0.5	Bug		False	1.09	32.0	45	four_wings
13	Weedle	Bug	Poison	195	40	35	30	20	20	50	1	False	Brown	True	0.5	Bug		False	0.30	3.2	255	serpentine_body
14	Kakuna	Bug	Poison	205	45	25	50	25	25	35	1	False	Yellow	True	0.5	Bug		False	0.61	10.0	120	serpentine_body
15	Beedrill	Bug	Poison	395	65	90	40	45	80	75	1	False	Yellow	True	0.5	Bug		True	0.99	29.5	45	four_wings
16	Pidgey	Normal	Flying	251	40	45	40	35	35	56	1	False	Brown	True	0.5	Flying		False	0.30	1.8	255	two_wings
17	Pidgeotto	Normal	Flying	349	63	60	55	50	50	71	1	False	Brown	True	0.5	Flying		False	1.09	30.0	120	two_wings
18	Pidgeot	Normal	Flying	479	83	80	75	70	70	101	1	False	Brown	True	0.5	Flying		True	1.50	39.5	45	two_wings
19	Rattata	Normal		253	30	56	35	25	35	72	1	False	Purple	True	0.5	Field		False	0.30	3.5	255	quadruped
20	Raticate	Normal		413	55	81	60	50	70	97	1	False	Brown	True	0.5	Field		False	0.71	18.5	127	quadruped
21	Spearow	Normal	Flying	262	40	60	30	31	31	70	1	False	Brown	True	0.5	Flying		False	0.30	2.0	255	two_wings
22	Fearow	Normal	Flying	442	65	90	65	61	61	100	1	False	Brown	True	0.5	Flying		False	1.19	38.0	90	two_wings
23	Ekans	Poison		288	35	60	44	40	54	55	1	False	Purple	True	0.5	Field	Dragon	False	2.01	6.9	255	serpentine_body
24	Arbok	Poison		438	60	85	69	65	79	80	1	False	Purple	True	0.5	Field	Dragon	False	3.51	65.0	90	serpentine_body
25	Pikachu	Electric		320	35	55	40	50	50	90	1	False	Yellow	True	0.5	Field	Fairy	False	0.41	6.0	190	quadruped
26	Raichu	Electric		485	60	90	55	90	80	110	1	False	Yellow	True	0.5	Field	Fairy	False	0.79	30.0	75	bipedal_tailed
27	Sandshrew	Ground		300	50	75	85	20	30	40	1	False	Yellow	True	0.5	Field		False	0.61	12.0	255	bipedal_tailed
28	Sandslash	Ground		450	75	100	110	45	55	65	1	False	Yellow	True	0.5	Field		False	0.99	29.5	90	bipedal_tailed
29	Nidoran♀	Poison		275	55	47	52	40	40	41	1	False	Blue	True	0	Monster	Field	False	0.41	7.0	235	quadruped
30	Nidorina	Poison		365	70	62	67	55	55	56	1	False	Blue	True	0	Undiscovered		False	0.79	20.0	120	quadruped
31	Nidoqueen	Poison	Ground	505	90	92	87	75	85	76	1	False	Blue	True	0	Undiscovered		False	1.30	60.0	45	bipedal_tailed
32	Nidoran♂	Poison		273	46	57	40	40	40	50	1	False	Purple	True	1	Monster	Field	False	0.51	9.0	235	quadruped
33	Nidorino	Poison		365	61	72	57	55	55	65	1	False	Purple	True	1	Monster	Field	False	0.89	19.5	120	quadruped
34	Nidoking	Poison	Ground	505	81	102	77	85	75	85	1	False	Purple	True	1	Monster	Field	False	1.40	62.0	45	bipedal_tailed
35	Clefairy	Fairy		323	70	45	48	60	65	35	1	False	Pink	True	0.25	Fairy		False	0.61	7.5	150	bipedal_tailed
36	Clefable	Fairy		483	95	70	73	95	90	60	1	False	Pink	True	0.25	Fairy		False	1.30	40.0	25	bipedal_tailed
37	Vulpix	Fire		299	38	41	40	50	65	65	1	False	Brown	True	0.25	Field		False	0.61	9.9	190	quadruped
38	Ninetales	Fire		505	73	76	75	81	100	100	1	False	Yellow	True	0.25	Field		False	1.09	19.9	75	quadruped
39	Jigglypuff	Normal	Fairy	270	115	45	20	45	25	20	1	False	Pink	True	0.25	Fairy		False	0.51	5.5	170	bipedal_tailless
40	Wigglytuff	Normal	Fairy	435	140	70	45	85	50	45	1	False	Pink	True	0.25	Fairy		False	0.99	12.0	50	bipedal_tailless
41	Zubat	Poison	Flying	245	40	45	35	30	40	55	1	False	Purple	True	0.5	Flying		False	0.79	7.5	255	two_wings
42	Golbat	Poison	Flying	455	75	80	70	65	75	90	1	False	Purple	True	0.5	Flying		False	1.60	55.0	90	two_wings
43	Oddish	Grass	Poison	320	45	50	55	75	65	30	1	False	Blue	True	0.5	Grass		False	0.51	5.4	255	head_legs
44	Gloom	Grass	Poison	395	60	65	70	85	75	40	1	False	Blue	True	0.5	Grass		False	0.79	8.6	120	bipedal_tailless
45	Vileplume	Grass	Poison	490	75	80	85	110	90	50	1	False	Red	True	0.5	Grass		False	1.19	18.6	45	bipedal_tailless
46	Paras	Bug	Grass	285	35	70	55	45	55	25	1	False	Red	True	0.5	Bug	Grass	False	0.30	5.4	190	insectoid
47	Parasect	Bug	Grass	405	60	95	80	60	80	30	1	False	Red	True	0.5	Bug	Grass	False	0.99	29.5	75	insectoid
48	Venonat	Bug	Poison	305	60	55	50	40	55	45	1	False	Purple	True	0.5	Bug		False	0.99	30.0	190	bipedal_tailless
49	Venomoth	Bug	Poison	450	70	65	60	90	75	90	1	False	Purple	True	0.5	Bug		False	1.50	12.5	75	four_wings
50	Diglett	Ground		265	10	55	25	35	45	95	1	False	Brown	True	0.5	Field		False	0.20	0.8	255	head_base
51	Dugtrio	Ground		405	35	80	50	50	70	120	1	False	Brown	True	0.5	Field		False	0.71	33.3	50	multiple_bodies
52	Meowth	Normal		290	40	45	35	40	40	90	1	False	Yellow	True	0.5	Field		False	0.41	4.2	255	quadruped
53	Persian	Normal		440	65	70	60	65	65	115	1	False	Yellow	True	0.5	Field		False	0.99	32.0	90	quadruped
54	Psyduck	Water		320	50	52	48	65	50	55	1	False	Yellow	True	0.5	Water_1	Field	False	0.79	19.6	190	bipedal_tailed
55	Golduck	Water		500	80	82	78	95	80	85	1	False	Blue	True	0.5	Water_1	Field	False	1.70	76.6	75	bipedal_tailed
56	Mankey	Fighting		305	40	80	35	35	45	70	1	False	Brown	True	0.5	Field		False	0.51	28.0	190	bipedal_tailed
57	Primeape	Fighting		455	65	105	60	60	70	95	1	False	Brown	True	0.5	Field		False	0.99	32.0	75	bipedal_tailed
58	Growlithe	Fire		350	55	70	45	70	50	60	1	False	Brown	True	0.75	Field		False	0.71	19.0	190	quadruped
59	Arcanine	Fire		555	90	110	80	100	80	95	1	False	Brown	True	0.75	Field		False	1.91	155.0	75	quadruped
60	Poliwag	Water		300	40	50	40	40	40	90	1	False	Blue	True	0.5	Water_1		False	0.61	12.4	255	head_legs
61	Poliwhirl	Water		385	65	65	65	50	50	90	1	False	Blue	True	0.5	Water_1		False	0.99	20.0	120	bipedal_tailless
62	Poliwrath	Water	Fighting	510	90	95	95	70	90	70	1	False	Blue	True	0.5	Water_1		False	1.30	54.0	45	bipedal_tailless
63	Abra	Psychic		310	25	20	15	105	55	90	1	False	Brown	True	0.75	Human-Like		False	0.89	19.5	200	bipedal_tailed
64	Kadabra	Psychic		400	40	35	30	120	70	105	1	False	Brown	True	0.75	Human-Like		False	1.30	56.5	100	bipedal_tailed
65	Alakazam	Psychic		500	55	50	45	135	95	120	1	False	Brown	True	0.75	Human-Like		True	1.50	48.0	50	bipedal_tailless
66	Machop	Fighting		305	70	80	50	35	35	35	1	False	Grey	True	0.75	Human-Like		False	0.79	19.5	180	bipedal_tailed
67	Machoke	Fighting		405	80	100	70	50	60	45	1	False	Grey	True	0.75	Human-Like		False	1.50	70.5	90	bipedal_tailless
68	Machamp	Fighting		505	90	130	80	65	85	55	1	False	Grey	True	0.75	Human-Like		False	1.60	130.0	45	bipedal_tailless
69	Bellsprout	Grass	Poison	300	50	75	35	70	30	40	1	False	Green	True	0.5	Grass		False	0.71	4.0	255	bipedal_tailless
70	Weepinbell	Grass	Poison	390	65	90	50	85	45	55	1	False	Green	True	0.5	Grass		False	0.99	6.4	120	head_base
71	Victreebel	Grass	Poison	490	80	105	65	100	70	70	1	False	Green	True	0.5	Grass		False	1.70	15.5	45	head_base
72	Tentacool	Water	Poison	335	40	40	35	50	100	70	1	False	Blue	True	0.5	Water_3		False	0.89	45.5	190	several_limbs
73	Tentacruel	Water	Poison	515	80	70	65	80	120	100	1	False	Blue	True	0.5	Water_3		False	1.60	55.0	60	several_limbs
74	Geodude	Rock	Ground	300	40	80	100	30	30	20	1	False	Brown	True	0.5	Mineral		False	0.41	20.0	255	head_arms
75	Graveler	Rock	Ground	390	55	95	115	45	45	35	1	False	Brown	True	0.5	Mineral		False	0.99	105.0	120	bipedal_tailless
76	Golem	Rock	Ground	495	80	120	130	55	65	45	1	False	Brown	True	0.5	Mineral		False	1.40	300.0	45	bipedal_tailless
77	Ponyta	Fire		410	50	85	55	65	65	90	1	False	Yellow	True	0.5	Field		False	0.99	30.0	190	quadruped
78	Rapidash	Fire		500	65	100	70	80	80	105	1	False	Yellow	True	0.5	Field		False	1.70	95.0	60	quadruped
79	Slowpoke	Water	Psychic	315	90	65	65	40	40	15	1	False	Pink	True	0.5	Monster	Water_1	False	1.19	36.0	190	quadruped
80	Slowbro	Water	Psychic	490	95	75	110	100	80	30	1	False	Pink	True	0.5	Monster	Water_1	True	1.60	78.5	75	bipedal_tailed
81	Magnemite	Electric	Steel	325	25	35	70	95	55	45	1	False	Grey	False		Mineral		False	0.30	6.0	190	head_arms
82	Magneton	Electric	Steel	465	50	60	95	120	70	70	1	False	Grey	False		Mineral		False	0.99	60.0	60	multiple_bodies
83	Farfetch'd	Normal	Flying	352	52	65	55	58	62	60	1	False	Brown	True	0.5	Flying	Field	False	0.79	15.0	45	two_wings
84	Doduo	Normal	Flying	310	35	85	45	35	35	75	1	False	Brown	True	0.5	Flying		False	1.40	39.2	190	head_legs
85	Dodrio	Normal	Flying	460	60	110	70	60	60	100	1	False	Brown	True	0.5	Flying		False	1.80	85.2	45	head_legs
86	Seel	Water		325	65	45	55	45	70	45	1	False	White	True	0.5	Water_1	Field	False	1.09	90.0	190	with_fins
87	Dewgong	Water	Ice	475	90	70	80	70	95	70	1	False	White	True	0.5	Water_1	Field	False	1.70	120.0	75	with_fins
88	Grimer	Poison		325	80	80	50	40	50	25	1	False	Purple	True	0.5	Amorphous		False	0.89	30.0	190	head_arms
89	Muk	Poison		500	105	105	75	65	100	50	1	False	Purple	True	0.5	Amorphous		False	1.19	30.0	75	head_arms
90	Shellder	Water		305	30	65	100	45	25	40	1	False	Purple	True	0.5	Water_3		False	0.30	4.0	190	head_only
91	Cloyster	Water	Ice	525	50	95	180	85	45	70	1	False	Purple	True	0.5	Water_3		False	1.50	132.5	60	head_only
92	Gastly	Ghost	Poison	310	30	35	30	100	35	80	1	False	Purple	True	0.5	Amorphous		False	1.30	0.1	190	head_only
93	Haunter	Ghost	Poison	405	45	50	45	115	55	95	1	False	Purple	True	0.5	Amorphous		False	1.60	0.1	90	head_arms
94	Gengar	Ghost	Poison	500	60	65	60	130	75	110	1	False	Purple	True	0.5	Amorphous		True	1.50	40.5	45	bipedal_tailed
95	Onix	Rock	Ground	385	35	45	160	30	45	70	1	False	Grey	True	0.5	Mineral		False	8.79	210.0	45	serpentine_body
96	Drowzee	Psychic		328	60	48	45	43	90	42	1	False	Yellow	True	0.5	Human-Like		False	0.99	32.4	190	bipedal_tailless
97	Hypno	Psychic		483	85	73	70	73	115	67	1	False	Yellow	True	0.5	Human-Like		False	1.60	75.6	75	bipedal_tailless
98	Krabby	Water		325	30	105	90	25	25	50	1	False	Red	True	0.5	Water_3		False	0.41	6.5	225	insectoid
99	Kingler	Water		475	55	130	115	50	50	75	1	False	Red	True	0.5	Water_3		False	1.30	60.0	60	insectoid
100	Voltorb	Electric		330	40	30	50	55	55	100	1	False	Red	False		Mineral		False	0.51	10.4	190	head_only
101	Electrode	Electric		480	60	50	70	80	80	140	1	False	Red	False		Mineral		False	1.19	66.6	60	head_only
102	Exeggcute	Grass	Psychic	325	60	40	80	60	45	40	1	False	Pink	True	0.5	Grass		False	0.41	2.5	90	multiple_bodies
103	Exeggutor	Grass	Psychic	520	95	95	85	125	65	55	1	False	Yellow	True	0.5	Grass		False	2.01	120.0	45	head_legs
104	Cubone	Ground		320	50	50	95	40	50	35	1	False	Brown	True	0.5	Monster		False	0.41	6.5	190	bipedal_tailed
105	Marowak	Ground		425	60	80	110	50	80	45	1	False	Brown	True	0.5	Monster		False	0.99	45.0	75	bipedal_tailed
106	Hitmonlee	Fighting		455	50	120	53	35	110	87	1	False	Brown	True	1	Human-Like		False	1.50	49.8	45	bipedal_tailless
107	Hitmonchan	Fighting		455	50	105	79	35	110	76	1	False	Brown	True	1	Human-Like		False	1.40	50.2	45	bipedal_tailless
108	Lickitung	Normal		385	90	55	75	60	75	30	1	False	Pink	True	0.5	Monster		False	1.19	65.5	45	bipedal_tailed
109	Koffing	Poison		340	40	65	95	60	45	35	1	False	Purple	True	0.5	Amorphous		False	0.61	1.0	190	head_only
110	Weezing	Poison		490	65	90	120	85	70	60	1	False	Purple	True	0.5	Amorphous		False	1.19	9.5	60	multiple_bodies
111	Rhyhorn	Ground	Rock	345	80	85	95	30	30	25	1	False	Grey	True	0.5	Monster	Field	False	0.99	115.0	120	quadruped
112	Rhydon	Ground	Rock	485	105	130	120	45	45	40	1	False	Grey	True	0.5	Monster	Field	False	1.91	120.0	60	bipedal_tailed
113	Chansey	Normal		450	250	5	5	35	105	50	1	False	Pink	True	0	Fairy		False	1.09	34.6	30	bipedal_tailed
114	Tangela	Grass		435	65	55	115	100	40	60	1	False	Blue	True	0.5	Grass		False	0.99	35.0	45	head_legs
115	Kangaskhan	Normal		490	105	95	80	40	80	90	1	False	Brown	True	0	Monster		True	2.21	80.0	45	bipedal_tailed
116	Horsea	Water		295	30	40	70	70	25	60	1	False	Blue	True	0.5	Water_1	Dragon	False	0.41	8.0	225	head_base
117	Seadra	Water		440	55	65	95	95	45	85	1	False	Blue	True	0.5	Water_1	Dragon	False	1.19	25.0	75	head_base
118	Goldeen	Water		320	45	67	60	35	50	63	1	False	Red	True	0.5	Water_2		False	0.61	15.0	225	with_fins
119	Seaking	Water		450	80	92	65	65	80	68	1	False	Red	True	0.5	Water_2		False	1.30	39.0	60	with_fins
120	Staryu	Water		340	30	45	55	70	55	85	1	False	Brown	False		Water_3		False	0.79	34.5	225	head_base
121	Starmie	Water	Psychic	520	60	75	85	100	85	115	1	False	Purple	False		Water_3		False	1.09	80.0	60	head_base
122	Mr._Mime	Psychic	Fairy	460	40	45	65	100	120	90	1	False	Pink	True	0.5	Human-Like		False	1.30	54.5	45	bipedal_tailless
123	Scyther	Bug	Flying	500	70	110	80	55	80	105	1	False	Green	True	0.5	Bug		False	1.50	56.0	45	four_wings
124	Jynx	Ice	Psychic	455	65	50	35	115	95	95	1	False	Red	True	0	Human-Like		False	1.40	40.6	45	bipedal_tailless
125	Electabuzz	Electric		490	65	83	57	95	85	105	1	False	Yellow	True	0.75	Human-Like		False	1.09	30.0	45	bipedal_tailed
126	Magmar	Fire		495	65	95	57	100	85	93	1	False	Red	True	0.75	Human-Like		False	1.30	44.5	45	bipedal_tailed
127	Pinsir	Bug		500	65	125	100	55	70	85	1	False	Brown	True	0.5	Bug		True	1.50	55.0	45	bipedal_tailless
128	Tauros	Normal		490	75	100	95	40	70	110	1	False	Brown	True	1	Field		False	1.40	88.4	45	quadruped
129	Magikarp	Water		200	20	10	55	15	20	80	1	False	Red	True	0.5	Water_2	Dragon	False	0.89	10.0	255	with_fins
130	Gyarados	Water	Flying	540	95	125	79	60	100	81	1	False	Blue	True	0.5	Water_2	Dragon	True	6.50	235.0	45	serpentine_body
131	Lapras	Water	Ice	535	130	85	80	85	95	60	1	False	Blue	True	0.5	Monster	Water_1	False	2.49	220.0	45	with_fins
132	Ditto	Normal		288	48	48	48	48	48	48	1	False	Purple	False		Ditto		False	0.30	4.0	35	head_only
133	Eevee	Normal		325	55	55	50	45	65	55	1	False	Brown	True	0.875	Field		False	0.30	6.5	45	quadruped
134	Vaporeon	Water		525	130	65	60	110	95	65	1	False	Blue	True	0.875	Field		False	0.99	29.0	45	quadruped
135	Jolteon	Electric		525	65	65	60	110	95	130	1	False	Yellow	True	0.875	Field		False	0.79	24.5	45	quadruped
136	Flareon	Fire		525	65	130	60	95	110	65	1	False	Red	True	0.875	Field		False	0.89	25.0	45	quadruped
137	Porygon	Normal		395	65	60	70	85	75	40	1	False	Pink	False		Mineral		False	0.79	36.5	45	head_legs
138	Omanyte	Rock	Water	355	35	40	100	90	55	35	1	False	Blue	True	0.875	Water_1	Water_3	False	0.41	7.5	45	several_limbs
139	Omastar	Rock	Water	495	70	60	125	115	70	55	1	False	Blue	True	0.875	Water_1	Water_3	False	0.99	35.0	45	several_limbs
140	Kabuto	Rock	Water	355	30	80	90	55	45	55	1	False	Brown	True	0.875	Water_1	Water_3	False	0.51	11.5	45	insectoid
141	Kabutops	Rock	Water	495	60	115	105	65	70	80	1	False	Brown	True	0.875	Water_1	Water_3	False	1.30	40.5	45	bipedal_tailed
142	Aerodactyl	Rock	Flying	515	80	105	65	60	75	130	1	False	Purple	True	0.875	Flying		True	1.80	59.0	45	two_wings
143	Snorlax	Normal		540	160	110	65	65	110	30	1	False	Black	True	0.875	Monster		False	2.11	460.0	25	bipedal_tailless
144	Articuno	Ice	Flying	580	90	85	100	95	125	85	1	True	Blue	False		Undiscovered		False	1.70	55.4	3	two_wings
145	Zapdos	Electric	Flying	580	90	90	85	125	90	100	1	True	Yellow	False		Undiscovered		False	1.60	52.6	3	two_wings
146	Moltres	Fire	Flying	580	90	100	90	125	85	90	1	True	Yellow	False		Undiscovered		False	2.01	60.0	3	two_wings
147	Dratini	Dragon		300	41	64	45	50	50	50	1	False	Blue	True	0.5	Water_1	Dragon	False	1.80	3.3	45	serpentine_body
148	Dragonair	Dragon		420	61	84	65	70	70	70	1	False	Blue	True	0.5	Water_1	Dragon	False	3.99	16.5	45	serpentine_body
149	Dragonite	Dragon	Flying	600	91	134	95	100	100	80	1	False	Brown	True	0.5	Water_1	Dragon	False	2.21	210.0	45	bipedal_tailed
150	Mewtwo	Psychic		680	106	110	90	154	90	130	1	True	Purple	False		Undiscovered		True	2.01	122.0	3	bipedal_tailed
151	Mew	Psychic		600	100	100	100	100	100	100	1	False	Pink	False		Undiscovered		False	0.41	4.0	45	bipedal_tailed
152	Chikorita	Grass		318	45	49	65	49	65	45	2	False	Green	True	0.875	Monster	Grass	False	0.89	6.4	45	quadruped
153	Bayleef	Grass		405	60	62	80	63	80	60	2	False	Green	True	0.875	Monster	Grass	False	1.19	15.8	45	quadruped
154	Meganium	Grass		525	80	82	100	83	100	80	2	False	Green	True	0.875	Monster	Grass	False	1.80	100.5	45	quadruped
155	Cyndaquil	Fire		309	39	52	43	60	50	65	2	False	Yellow	True	0.875	Field		False	0.51	7.9	45	bipedal_tailless
156	Quilava	Fire		405	58	64	58	80	65	80	2	False	Yellow	True	0.875	Field		False	0.89	19.0	45	quadruped
157	Typhlosion	Fire		534	78	84	78	109	85	100	2	False	Yellow	True	0.875	Field		False	1.70	79.5	45	quadruped
158	Totodile	Water		314	50	65	64	44	48	43	2	False	Blue	True	0.875	Monster	Water_1	False	0.61	9.5	45	bipedal_tailed
159	Croconaw	Water		405	65	80	80	59	63	58	2	False	Blue	True	0.875	Monster	Water_1	False	1.09	25.0	45	bipedal_tailed
160	Feraligatr	Water		530	85	105	100	79	83	78	2	False	Blue	True	0.875	Monster	Water_1	False	2.31	88.8	45	bipedal_tailed
161	Sentret	Normal		215	35	46	34	35	45	20	2	False	Brown	True	0.5	Field		False	0.79	6.0	255	quadruped
162	Furret	Normal		415	85	76	64	45	55	90	2	False	Brown	True	0.5	Field		False	1.80	32.5	90	quadruped
163	Hoothoot	Normal	Flying	262	60	30	30	36	56	50	2	False	Brown	True	0.5	Flying		False	0.71	21.2	255	two_wings
164	Noctowl	Normal	Flying	442	100	50	50	76	96	70	2	False	Brown	True	0.5	Flying		False	1.60	40.8	90	two_wings
165	Ledyba	Bug	Flying	265	40	20	30	40	80	55	2	False	Red	True	0.5	Bug		False	0.99	10.8	255	two_wings
166	Ledian	Bug	Flying	390	55	35	50	55	110	85	2	False	Red	True	0.5	Bug		False	1.40	35.6	90	two_wings
167	Spinarak	Bug	Poison	250	40	60	40	40	40	30	2	False	Green	True	0.5	Bug		False	0.51	8.5	255	insectoid
168	Ariados	Bug	Poison	390	70	90	70	60	60	40	2	False	Red	True	0.5	Bug		False	1.09	33.5	90	insectoid
169	Crobat	Poison	Flying	535	85	90	80	70	80	130	2	False	Purple	True	0.5	Flying		False	1.80	75.0	90	four_wings
170	Chinchou	Water	Electric	330	75	38	38	56	56	67	2	False	Blue	True	0.5	Water_2		False	0.51	12.0	190	with_fins
171	Lanturn	Water	Electric	460	125	58	58	76	76	67	2	False	Blue	True	0.5	Water_2		False	1.19	22.5	75	with_fins
172	Pichu	Electric		205	20	40	15	35	35	60	2	False	Yellow	True	0.5	Undiscovered		False	0.30	2.0	190	quadruped
173	Cleffa	Fairy		218	50	25	28	45	55	15	2	False	Pink	True	0.25	Undiscovered		False	0.30	3.0	150	bipedal_tailed
174	Igglybuff	Normal	Fairy	210	90	30	15	40	20	15	2	False	Pink	True	0.25	Undiscovered		False	0.30	1.0	170	bipedal_tailless
175	Togepi	Fairy		245	35	20	65	40	65	20	2	False	White	True	0.875	Undiscovered		False	0.30	1.5	190	bipedal_tailless
176	Togetic	Fairy	Flying	405	55	40	85	80	105	40	2	False	White	True	0.875	Flying	Fairy	False	0.61	3.2	75	bipedal_tailless
177	Natu	Psychic	Flying	320	40	50	45	70	45	70	2	False	Green	True	0.5	Flying		False	0.20	2.0	190	two_wings
178	Xatu	Psychic	Flying	470	65	75	70	95	70	95	2	False	Green	True	0.5	Flying		False	1.50	15.0	75	two_wings
179	Mareep	Electric		280	55	40	40	65	45	35	2	False	White	True	0.5	Monster	Field	False	0.61	7.8	235	quadruped
180	Flaaffy	Electric		365	70	55	55	80	60	45	2	False	Pink	True	0.5	Monster	Field	False	0.79	13.3	120	bipedal_tailed
181	Ampharos	Electric		510	90	75	85	115	90	55	2	False	Yellow	True	0.5	Monster	Field	True	1.40	61.5	45	bipedal_tailed
182	Bellossom	Grass		490	75	80	95	90	100	50	2	False	Green	True	0.5	Grass		False	0.41	5.8	45	bipedal_tailless
183	Marill	Water	Fairy	250	70	20	50	20	50	40	2	False	Blue	True	0.5	Water_1	Fairy	False	0.41	8.5	190	bipedal_tailed
184	Azumarill	Water	Fairy	420	100	50	80	60	80	50	2	False	Blue	True	0.5	Water_1	Fairy	False	0.79	28.5	75	bipedal_tailed
185	Sudowoodo	Rock		410	70	100	115	30	65	30	2	False	Brown	True	0.5	Mineral		False	1.19	38.0	65	bipedal_tailless
186	Politoed	Water		500	90	75	75	90	100	70	2	False	Green	True	0.5	Water_1		False	1.09	33.9	45	bipedal_tailed
187	Hoppip	Grass	Flying	250	35	35	40	35	55	50	2	False	Pink	True	0.5	Fairy	Grass	False	0.41	0.5	255	bipedal_tailed
188	Skiploom	Grass	Flying	340	55	45	50	45	65	80	2	False	Green	True	0.5	Fairy	Grass	False	0.61	1.0	120	bipedal_tailed
189	Jumpluff	Grass	Flying	460	75	55	70	55	95	110	2	False	Blue	True	0.5	Fairy	Grass	False	0.79	3.0	45	bipedal_tailed
190	Aipom	Normal		360	55	70	55	40	55	85	2	False	Purple	True	0.5	Field		False	0.79	11.5	45	bipedal_tailed
191	Sunkern	Grass		180	30	30	30	30	30	30	2	False	Yellow	True	0.5	Grass		False	0.30	1.8	235	head_only
192	Sunflora	Grass		425	75	75	55	105	85	30	2	False	Yellow	True	0.5	Grass		False	0.79	8.5	120	bipedal_tailless
193	Yanma	Bug	Flying	390	65	65	45	75	45	95	2	False	Red	True	0.5	Bug		False	1.19	38.0	75	four_wings
194	Wooper	Water	Ground	210	55	45	45	25	25	15	2	False	Blue	True	0.5	Water_1	Field	False	0.41	8.5	255	head_legs
195	Quagsire	Water	Ground	430	95	85	85	65	65	35	2	False	Blue	True	0.5	Water_1	Field	False	1.40	75.0	90	bipedal_tailed
196	Espeon	Psychic		525	65	65	60	130	95	110	2	False	Purple	True	0.875	Field		False	0.89	26.5	45	quadruped
197	Umbreon	Dark		525	95	65	110	60	130	65	2	False	Black	True	0.875	Field		False	0.99	27.0	45	quadruped
198	Murkrow	Dark	Flying	405	60	85	42	85	42	91	2	False	Black	True	0.5	Flying		False	0.51	2.1	30	two_wings
199	Slowking	Water	Psychic	490	95	75	80	100	110	30	2	False	Pink	True	0.5	Monster	Water_1	False	2.01	79.5	70	bipedal_tailed
200	Misdreavus	Ghost		435	60	60	60	85	85	85	2	False	Purple	True	0.5	Amorphous		False	0.71	1.0	45	head_only
201	Unown	Psychic		336	48	72	48	72	48	48	2	False	Black	False		Undiscovered		False	0.51	5.0	225	head_only
202	Wobbuffet	Psychic		405	190	33	58	33	58	33	2	False	Blue	True	0.5	Amorphous		False	1.30	28.5	45	head_base
203	Girafarig	Normal	Psychic	455	70	80	65	90	65	85	2	False	Yellow	True	0.5	Field		False	1.50	41.5	60	quadruped
204	Pineco	Bug		290	50	65	90	35	35	15	2	False	Grey	True	0.5	Bug		False	0.61	7.2	190	head_only
205	Forretress	Bug	Steel	465	75	90	140	60	60	40	2	False	Purple	True	0.5	Bug		False	1.19	125.8	75	head_only
206	Dunsparce	Normal		415	100	70	70	65	65	45	2	False	Yellow	True	0.5	Field		False	1.50	14.0	190	serpentine_body
207	Gligar	Ground	Flying	430	65	75	105	35	65	85	2	False	Purple	True	0.5	Bug		False	1.09	64.8	60	two_wings
208	Steelix	Steel	Ground	510	75	85	200	55	65	30	2	False	Grey	True	0.5	Mineral		True	9.19	400.0	25	serpentine_body
209	Snubbull	Fairy		300	60	80	50	40	40	30	2	False	Pink	True	0.25	Field	Fairy	False	0.61	7.8	190	bipedal_tailless
210	Granbull	Fairy		450	90	120	75	60	60	45	2	False	Purple	True	0.25	Field	Fairy	False	1.40	48.7	75	bipedal_tailed
211	Qwilfish	Water	Poison	430	65	95	75	55	55	85	2	False	Grey	True	0.5	Water_2		False	0.51	3.9	45	with_fins
212	Scizor	Bug	Steel	500	70	130	100	55	80	65	2	False	Red	True	0.5	Bug		True	1.80	118.0	25	four_wings
213	Shuckle	Bug	Rock	505	20	10	230	10	230	5	2	False	Yellow	True	0.5	Bug		False	0.61	20.5	190	insectoid
214	Heracross	Bug	Fighting	500	80	125	75	40	95	85	2	False	Blue	True	0.5	Bug		True	1.50	54.0	45	bipedal_tailless
215	Sneasel	Dark	Ice	430	55	95	55	35	75	115	2	False	Black	True	0.5	Field		False	0.89	28.0	60	bipedal_tailed
216	Teddiursa	Normal		330	60	80	50	50	50	40	2	False	Brown	True	0.5	Field		False	0.61	8.8	120	bipedal_tailed
217	Ursaring	Normal		500	90	130	75	75	75	55	2	False	Brown	True	0.5	Field		False	1.80	125.8	60	bipedal_tailed
218	Slugma	Fire		250	40	40	40	70	40	20	2	False	Red	True	0.5	Amorphous		False	0.71	35.0	190	serpentine_body
219	Magcargo	Fire	Rock	410	50	50	120	80	80	30	2	False	Red	True	0.5	Amorphous		False	0.79	55.0	75	serpentine_body
220	Swinub	Ice	Ground	250	50	50	40	30	30	50	2	False	Brown	True	0.5	Field		False	0.41	6.5	225	quadruped
221	Piloswine	Ice	Ground	450	100	100	80	60	60	50	2	False	Brown	True	0.5	Field		False	1.09	55.8	75	quadruped
222	Corsola	Water	Rock	380	55	55	85	65	85	35	2	False	Pink	True	0.25	Water_1	Water_3	False	0.61	5.0	60	insectoid
223	Remoraid	Water		300	35	65	35	65	35	65	2	False	Grey	True	0.5	Water_1	Water_2	False	0.61	12.0	190	with_fins
224	Octillery	Water		480	75	105	75	105	75	45	2	False	Red	True	0.5	Water_1	Water_2	False	0.89	28.5	75	several_limbs
225	Delibird	Ice	Flying	330	45	55	45	65	45	75	2	False	Red	True	0.5	Water_1	Field	False	0.89	16.0	45	two_wings
226	Mantine	Water	Flying	465	65	40	70	80	140	70	2	False	Purple	True	0.5	Water_1		False	2.11	220.0	25	two_wings
227	Skarmory	Steel	Flying	465	65	80	140	40	70	70	2	False	Grey	True	0.5	Flying		False	1.70	50.5	25	two_wings
228	Houndour	Dark	Fire	330	45	60	30	80	50	65	2	False	Black	True	0.5	Field		False	0.61	10.8	120	quadruped
229	Houndoom	Dark	Fire	500	75	90	50	110	80	95	2	False	Black	True	0.5	Field		True	1.40	35.0	45	quadruped
230	Kingdra	Water	Dragon	540	75	95	95	95	95	85	2	False	Blue	True	0.5	Water_1	Dragon	False	1.80	152.0	45	head_base
231	Phanpy	Ground		330	90	60	60	40	40	40	2	False	Blue	True	0.5	Field		False	0.51	33.5	120	quadruped
232	Donphan	Ground		500	90	120	120	60	60	50	2	False	Grey	True	0.5	Field		False	1.09	120.0	60	quadruped
233	Porygon2	Normal		515	85	80	90	105	95	60	2	False	Red	False		Mineral		False	0.61	32.5	45	head_legs
234	Stantler	Normal		465	73	95	62	85	65	85	2	False	Brown	True	0.5	Field		False	1.40	71.2	45	quadruped
235	Smeargle	Normal		250	55	20	35	20	45	75	2	False	White	True	0.5	Field		False	1.19	58.0	45	bipedal_tailed
236	Tyrogue	Fighting		210	35	35	35	35	35	35	2	False	Purple	True	1	Undiscovered		False	0.71	21.0	75	bipedal_tailless
237	Hitmontop	Fighting		455	50	95	95	35	110	70	2	False	Brown	True	1	Human-Like		False	1.40	48.0	45	bipedal_tailed
238	Smoochum	Ice	Psychic	305	45	30	15	85	65	65	2	False	Pink	True	0	Undiscovered		False	0.41	6.0	45	bipedal_tailless
239	Elekid	Electric		360	45	63	37	65	55	95	2	False	Yellow	True	0.75	Undiscovered		False	0.61	23.5	45	bipedal_tailless
240	Magby	Fire		365	45	75	37	70	55	83	2	False	Red	True	0.75	Undiscovered		False	0.71	21.4	45	bipedal_tailed
241	Miltank	Normal		490	95	80	105	40	70	100	2	False	Pink	True	0	Field		False	1.19	75.5	45	bipedal_tailed
242	Blissey	Normal		540	255	10	10	75	135	55	2	False	Pink	True	0	Fairy		False	1.50	46.8	30	bipedal_tailless
243	Raikou	Electric		580	90	85	75	115	100	115	2	True	Yellow	False		Undiscovered		False	1.91	178.0	3	quadruped
244	Entei	Fire		580	115	115	85	90	75	100	2	True	Brown	False		Undiscovered		False	2.11	198.0	3	quadruped
245	Suicune	Water		580	100	75	115	90	115	85	2	True	Blue	False		Undiscovered		False	2.01	187.0	3	quadruped
246	Larvitar	Rock	Ground	300	50	64	50	45	50	41	2	False	Green	True	0.5	Monster		False	0.61	72.0	45	bipedal_tailed
247	Pupitar	Rock	Ground	410	70	84	70	65	70	51	2	False	Grey	True	0.5	Monster		False	1.19	152.0	45	serpentine_body
248	Tyranitar	Rock	Dark	600	100	134	110	95	100	61	2	False	Green	True	0.5	Monster		True	2.01	202.0	45	bipedal_tailed
249	Lugia	Psychic	Flying	680	106	90	130	90	154	110	2	True	White	False		Undiscovered		False	5.21	216.0	3	two_wings
250	Ho-Oh	Fire	Flying	680	106	130	90	110	154	90	2	True	Red	False		Undiscovered		False	3.81	199.0	3	two_wings
251	Celebi	Psychic	Grass	600	100	100	100	100	100	100	2	False	Green	False		Undiscovered		False	0.61	5.0	45	bipedal_tailless
252	Treecko	Grass		310	40	45	35	65	55	70	3	False	Green	True	0.875	Monster	Dragon	False	0.51	5.0	45	bipedal_tailed
253	Grovyle	Grass		405	50	65	45	85	65	95	3	False	Green	True	0.875	Monster	Dragon	False	0.89	21.6	45	bipedal_tailed
254	Sceptile	Grass		530	70	85	65	105	85	120	3	False	Green	True	0.875	Monster	Dragon	True	1.70	52.2	45	bipedal_tailed
255	Torchic	Fire		310	45	60	40	70	50	45	3	False	Red	True	0.875	Field		False	0.41	2.5	45	head_legs
256	Combusken	Fire	Fighting	405	60	85	60	85	60	55	3	False	Red	True	0.875	Field		False	0.89	19.5	45	bipedal_tailed
257	Blaziken	Fire	Fighting	530	80	120	70	110	70	80	3	False	Red	True	0.875	Field		True	1.91	52.0	45	bipedal_tailed
258	Mudkip	Water		310	50	70	50	50	50	40	3	False	Blue	True	0.875	Monster	Water_1	False	0.41	7.6	45	quadruped
259	Marshtomp	Water	Ground	405	70	85	70	60	70	50	3	False	Blue	True	0.875	Monster	Water_1	False	0.71	28.0	45	bipedal_tailed
260	Swampert	Water	Ground	535	100	110	90	85	90	60	3	False	Blue	True	0.875	Monster	Water_1	True	1.50	81.9	45	bipedal_tailed
261	Poochyena	Dark		220	35	55	35	30	30	35	3	False	Grey	True	0.5	Field		False	0.51	13.6	255	quadruped
262	Mightyena	Dark		420	70	90	70	60	60	70	3	False	Grey	True	0.5	Field		False	0.99	37.0	127	quadruped
263	Zigzagoon	Normal		240	38	30	41	30	41	60	3	False	Brown	True	0.5	Field		False	0.41	17.5	255	quadruped
264	Linoone	Normal		420	78	70	61	50	61	100	3	False	White	True	0.5	Field		False	0.51	32.5	90	quadruped
265	Wurmple	Bug		195	45	45	35	20	30	20	3	False	Red	True	0.5	Bug		False	0.30	3.6	255	serpentine_body
266	Silcoon	Bug		205	50	35	55	25	25	15	3	False	White	True	0.5	Bug		False	0.61	10.0	120	head_only
267	Beautifly	Bug	Flying	395	60	70	50	100	50	65	3	False	Yellow	True	0.5	Bug		False	0.99	28.4	45	four_wings
268	Cascoon	Bug		205	50	35	55	25	25	15	3	False	Purple	True	0.5	Bug		False	0.71	11.5	120	head_only
269	Dustox	Bug	Poison	385	60	50	70	50	90	65	3	False	Green	True	0.5	Bug		False	1.19	31.6	45	four_wings
270	Lotad	Water	Grass	220	40	30	30	40	50	30	3	False	Green	True	0.5	Water_1	Grass	False	0.51	2.6	255	insectoid
271	Lombre	Water	Grass	340	60	50	50	60	70	50	3	False	Green	True	0.5	Water_1	Grass	False	1.19	32.5	120	bipedal_tailless
272	Ludicolo	Water	Grass	480	80	70	70	90	100	70	3	False	Green	True	0.5	Water_1	Grass	False	1.50	55.0	45	bipedal_tailless
273	Seedot	Grass		220	40	40	50	30	30	30	3	False	Brown	True	0.5	Field	Grass	False	0.51	4.0	255	head_legs
274	Nuzleaf	Grass	Dark	340	70	70	40	60	40	60	3	False	Brown	True	0.5	Field	Grass	False	0.99	28.0	120	bipedal_tailless
275	Shiftry	Grass	Dark	480	90	100	60	90	60	80	3	False	Brown	True	0.5	Field	Grass	False	1.30	59.6	45	bipedal_tailless
276	Taillow	Normal	Flying	270	40	55	30	30	30	85	3	False	Blue	True	0.5	Flying		False	0.30	2.3	200	two_wings
277	Swellow	Normal	Flying	430	60	85	60	50	50	125	3	False	Blue	True	0.5	Flying		False	0.71	19.8	45	two_wings
278	Wingull	Water	Flying	270	40	30	30	55	30	85	3	False	White	True	0.5	Water_1	Flying	False	0.61	9.5	190	two_wings
279	Pelipper	Water	Flying	430	60	50	100	85	70	65	3	False	Yellow	True	0.5	Water_1	Flying	False	1.19	28.0	45	two_wings
280	Ralts	Psychic	Fairy	198	28	25	25	45	35	40	3	False	White	True	0.5	Amorphous		False	0.41	6.6	235	bipedal_tailless
281	Kirlia	Psychic	Fairy	278	38	35	35	65	55	50	3	False	White	True	0.5	Amorphous		False	0.79	20.2	120	bipedal_tailless
282	Gardevoir	Psychic	Fairy	518	68	65	65	125	115	80	3	False	White	True	0.5	Amorphous		True	1.60	48.4	45	bipedal_tailless
283	Surskit	Bug	Water	269	40	30	32	50	52	65	3	False	Blue	True	0.5	Water_1	Bug	False	0.51	1.7	200	insectoid
284	Masquerain	Bug	Flying	414	70	60	62	80	82	60	3	False	Blue	True	0.5	Water_1	Bug	False	0.79	3.6	75	four_wings
285	Shroomish	Grass		295	60	40	60	40	60	35	3	False	Brown	True	0.5	Fairy	Grass	False	0.41	4.5	255	head_legs
286	Breloom	Grass	Fighting	460	60	130	80	60	60	70	3	False	Green	True	0.5	Fairy	Grass	False	1.19	39.2	90	bipedal_tailed
287	Slakoth	Normal		280	60	60	60	35	35	30	3	False	Brown	True	0.5	Field		False	0.79	24.0	255	quadruped
288	Vigoroth	Normal		440	80	80	80	55	55	90	3	False	White	True	0.5	Field		False	1.40	46.5	120	bipedal_tailed
289	Slaking	Normal		670	150	160	100	95	65	100	3	False	Brown	True	0.5	Field		False	2.01	130.5	45	bipedal_tailless
290	Nincada	Bug	Ground	266	31	45	90	30	30	40	3	False	Grey	True	0.5	Bug		False	0.51	5.5	255	insectoid
291	Ninjask	Bug	Flying	456	61	90	45	50	50	160	3	False	Yellow	True	0.5	Bug		False	0.79	12.0	120	four_wings
292	Shedinja	Bug	Ghost	236	1	90	45	30	30	40	3	False	Brown	False		Mineral		False	0.79	1.2	45	head_base
293	Whismur	Normal		240	64	51	23	51	23	28	3	False	Pink	True	0.5	Monster	Field	False	0.61	16.3	190	bipedal_tailed
294	Loudred	Normal		360	84	71	43	71	43	48	3	False	Blue	True	0.5	Monster	Field	False	0.99	40.5	120	bipedal_tailed
295	Exploud	Normal		490	104	91	63	91	73	68	3	False	Blue	True	0.5	Monster	Field	False	1.50	84.0	45	bipedal_tailed
296	Makuhita	Fighting		237	72	60	30	20	30	25	3	False	Yellow	True	0.75	Human-Like		False	0.99	86.4	180	bipedal_tailless
297	Hariyama	Fighting		474	144	120	60	40	60	50	3	False	Brown	True	0.75	Human-Like		False	2.31	253.8	200	bipedal_tailless
298	Azurill	Normal	Fairy	190	50	20	40	20	40	20	3	False	Blue	True	0.25	Undiscovered		False	0.20	2.0	150	head_legs
299	Nosepass	Rock		375	30	45	135	45	90	30	3	False	Grey	True	0.5	Mineral		False	0.99	97.0	255	bipedal_tailless
300	Skitty	Normal		260	50	45	45	35	35	50	3	False	Pink	True	0.25	Field	Fairy	False	0.61	11.0	255	quadruped
301	Delcatty	Normal		380	70	65	65	55	55	70	3	False	Purple	True	0.25	Field	Fairy	False	1.09	32.6	60	quadruped
302	Sableye	Dark	Ghost	380	50	75	75	65	65	50	3	False	Purple	True	0.5	Human-Like		True	0.51	11.0	45	bipedal_tailless
303	Mawile	Steel	Fairy	380	50	85	85	55	55	50	3	False	Black	True	0.5	Field	Fairy	True	0.61	11.5	45	bipedal_tailless
304	Aron	Steel	Rock	330	50	70	100	40	40	30	3	False	Grey	True	0.5	Monster		False	0.41	60.0	180	quadruped
305	Lairon	Steel	Rock	430	60	90	140	50	50	40	3	False	Grey	True	0.5	Monster		False	0.89	120.0	90	quadruped
306	Aggron	Steel	Rock	530	70	110	180	60	60	50	3	False	Grey	True	0.5	Monster		True	2.11	360.0	45	bipedal_tailed
307	Meditite	Fighting	Psychic	280	30	40	55	40	55	60	3	False	Blue	True	0.5	Human-Like		False	0.61	11.2	180	bipedal_tailless
308	Medicham	Fighting	Psychic	410	60	60	75	60	75	80	3	False	Red	True	0.5	Human-Like		True	1.30	31.5	90	bipedal_tailless
309	Electrike	Electric		295	40	45	40	65	40	65	3	False	Green	True	0.5	Field		False	0.61	15.2	120	quadruped
310	Manectric	Electric		475	70	75	60	105	60	105	3	False	Yellow	True	0.5	Field		True	1.50	40.2	45	quadruped
311	Plusle	Electric		405	60	50	40	85	75	95	3	False	Yellow	True	0.5	Fairy		False	0.41	4.2	200	bipedal_tailed
312	Minun	Electric		405	60	40	50	75	85	95	3	False	Yellow	True	0.5	Fairy		False	0.41	4.2	200	bipedal_tailed
313	Volbeat	Bug		400	65	73	55	47	75	85	3	False	Grey	True	1	Bug	Human-Like	False	0.71	17.7	150	bipedal_tailed
314	Illumise	Bug		400	65	47	55	73	75	85	3	False	Purple	True	0	Bug	Human-Like	False	0.61	17.7	150	bipedal_tailless
315	Roselia	Grass	Poison	400	50	60	45	100	80	65	3	False	Green	True	0.5	Fairy	Grass	False	0.30	2.0	150	bipedal_tailless
316	Gulpin	Poison		302	70	43	53	43	53	40	3	False	Green	True	0.5	Amorphous		False	0.41	10.3	225	head_arms
317	Swalot	Poison		467	100	73	83	73	83	55	3	False	Purple	True	0.5	Amorphous		False	1.70	80.0	75	head_arms
318	Carvanha	Water	Dark	305	45	90	20	65	20	65	3	False	Red	True	0.5	Water_2		False	0.79	20.8	225	with_fins
319	Sharpedo	Water	Dark	460	70	120	40	95	40	95	3	False	Blue	True	0.5	Water_2		True	1.80	88.8	60	with_fins
320	Wailmer	Water		400	130	70	35	70	35	60	3	False	Blue	True	0.5	Field	Water_2	False	2.01	130.0	125	with_fins
321	Wailord	Water		500	170	90	45	90	45	60	3	False	Blue	True	0.5	Field	Water_2	False	14.50	398.0	60	with_fins
322	Numel	Fire	Ground	305	60	60	40	65	45	35	3	False	Yellow	True	0.5	Field		False	0.71	24.0	255	quadruped
323	Camerupt	Fire	Ground	460	70	100	70	105	75	40	3	False	Red	True	0.5	Field		True	1.91	220.0	150	quadruped
324	Torkoal	Fire		470	70	85	140	85	70	20	3	False	Brown	True	0.5	Field		False	0.51	80.4	90	quadruped
325	Spoink	Psychic		330	60	25	35	70	80	60	3	False	Black	True	0.5	Field		False	0.71	30.6	255	head_arms
326	Grumpig	Psychic		470	80	45	65	90	110	80	3	False	Purple	True	0.5	Field		False	0.89	71.5	60	bipedal_tailed
327	Spinda	Normal		360	60	60	60	60	60	60	3	False	Brown	True	0.5	Field	Human-Like	False	1.09	5.0	255	bipedal_tailed
328	Trapinch	Ground		290	45	100	45	45	45	10	3	False	Brown	True	0.5	Bug		False	0.71	15.0	255	insectoid
329	Vibrava	Ground	Dragon	340	50	70	50	50	50	70	3	False	Green	True	0.5	Bug		False	1.09	15.3	120	four_wings
330	Flygon	Ground	Dragon	520	80	100	80	80	80	100	3	False	Green	True	0.5	Bug		False	2.01	82.0	45	two_wings
331	Cacnea	Grass		335	50	85	40	85	40	35	3	False	Green	True	0.5	Grass	Human-Like	False	0.41	51.3	190	bipedal_tailless
332	Cacturne	Grass	Dark	475	70	115	60	115	60	55	3	False	Green	True	0.5	Grass	Human-Like	False	1.30	77.4	60	bipedal_tailless
333	Swablu	Normal	Flying	310	45	40	60	40	75	50	3	False	Blue	True	0.5	Flying	Dragon	False	0.41	1.2	255	two_wings
334	Altaria	Dragon	Flying	490	75	70	90	70	105	80	3	False	Blue	True	0.5	Flying	Dragon	True	1.09	20.6	45	two_wings
335	Zangoose	Normal		458	73	115	60	60	60	90	3	False	White	True	0.5	Field		False	1.30	40.3	90	bipedal_tailed
336	Seviper	Poison		458	73	100	60	100	60	65	3	False	Black	True	0.5	Field	Dragon	False	2.69	52.5	90	serpentine_body
337	Lunatone	Rock	Psychic	440	70	55	65	95	85	70	3	False	Yellow	False		Mineral		False	0.99	168.0	45	head_only
338	Solrock	Rock	Psychic	440	70	95	85	55	65	70	3	False	Red	False		Mineral		False	1.19	154.0	45	head_only
339	Barboach	Water	Ground	288	50	48	43	46	41	60	3	False	Grey	True	0.5	Water_2		False	0.41	1.9	190	with_fins
340	Whiscash	Water	Ground	468	110	78	73	76	71	60	3	False	Blue	True	0.5	Water_2		False	0.89	23.6	75	with_fins
341	Corphish	Water		308	43	80	65	50	35	35	3	False	Red	True	0.5	Water_1	Water_3	False	0.61	11.5	205	insectoid
342	Crawdaunt	Water	Dark	468	63	120	85	90	55	55	3	False	Red	True	0.5	Water_1	Water_3	False	1.09	32.8	155	insectoid
343	Baltoy	Ground	Psychic	300	40	40	55	40	70	55	3	False	Brown	False		Mineral		False	0.51	21.5	255	head_arms
344	Claydol	Ground	Psychic	500	60	70	105	70	120	75	3	False	Black	False		Mineral		False	1.50	108.0	90	head_arms
345	Lileep	Rock	Grass	355	66	41	77	61	87	23	3	False	Purple	True	0.875	Water_3		False	0.99	23.8	45	head_base
346	Cradily	Rock	Grass	495	86	81	97	81	107	43	3	False	Green	True	0.875	Water_3		False	1.50	60.4	45	head_base
347	Anorith	Rock	Bug	355	45	95	50	40	50	75	3	False	Grey	True	0.875	Water_3		False	0.71	12.5	45	insectoid
348	Armaldo	Rock	Bug	495	75	125	100	70	80	45	3	False	Grey	True	0.875	Water_3		False	1.50	68.2	45	bipedal_tailed
349	Feebas	Water		200	20	15	20	10	55	80	3	False	Brown	True	0.5	Water_1	Dragon	False	0.61	7.4	255	with_fins
350	Milotic	Water		540	95	60	79	100	125	81	3	False	Pink	True	0.5	Water_1	Dragon	False	6.20	162.0	60	serpentine_body
351	Castform	Normal		420	70	70	70	70	70	70	3	False	White	True	0.5	Fairy	Amorphous	False	0.30	0.8	45	head_only
352	Kecleon	Normal		440	60	90	70	60	120	40	3	False	Green	True	0.5	Field		False	0.99	22.0	200	bipedal_tailed
353	Shuppet	Ghost		295	44	75	35	63	33	45	3	False	Black	True	0.5	Amorphous		False	0.61	2.3	225	head_only
354	Banette	Ghost		455	64	115	65	83	63	65	3	False	Black	True	0.5	Amorphous		True	1.09	12.5	45	bipedal_tailed
355	Duskull	Ghost		295	20	40	90	30	90	25	3	False	Black	True	0.5	Amorphous		False	0.79	15.0	190	head_arms
356	Dusclops	Ghost		455	40	70	130	60	130	25	3	False	Black	True	0.5	Amorphous		False	1.60	30.6	90	bipedal_tailless
357	Tropius	Grass	Flying	460	99	68	83	72	87	51	3	False	Green	True	0.5	Monster	Grass	False	2.01	100.0	200	quadruped
358	Chimecho	Psychic		425	65	50	70	95	80	65	3	False	Blue	True	0.5	Amorphous		False	0.61	1.0	45	head_arms
359	Absol	Dark		465	65	130	60	75	60	75	3	False	White	True	0.5	Field		True	1.19	47.0	30	quadruped
360	Wynaut	Psychic		260	95	23	48	23	48	23	3	False	Blue	True	0.5	Undiscovered		False	0.61	14.0	125	bipedal_tailed
361	Snorunt	Ice		300	50	50	50	50	50	50	3	False	Grey	True	0.5	Fairy	Mineral	False	0.71	16.8	190	bipedal_tailless
362	Glalie	Ice		480	80	80	80	80	80	80	3	False	Grey	True	0.5	Fairy	Mineral	True	1.50	256.5	75	head_only
363	Spheal	Ice	Water	290	70	40	50	55	50	25	3	False	Blue	True	0.5	Water_1	Field	False	0.79	39.5	255	with_fins
364	Sealeo	Ice	Water	410	90	60	70	75	70	45	3	False	Blue	True	0.5	Water_1	Field	False	1.09	87.6	120	with_fins
365	Walrein	Ice	Water	530	110	80	90	95	90	65	3	False	Blue	True	0.5	Water_1	Field	False	1.40	150.6	45	quadruped
366	Clamperl	Water		345	35	64	85	74	55	32	3	False	Blue	True	0.5	Water_1		False	0.41	52.5	255	head_only
367	Huntail	Water		485	55	104	105	94	75	52	3	False	Blue	True	0.5	Water_1		False	1.70	27.0	60	serpentine_body
368	Gorebyss	Water		485	55	84	105	114	75	52	3	False	Pink	True	0.5	Water_1		False	1.80	22.6	60	serpentine_body
369	Relicanth	Water	Rock	485	100	90	130	45	65	55	3	False	Grey	True	0.875	Water_1	Water_2	False	0.99	23.4	25	with_fins
370	Luvdisc	Water		330	43	30	55	40	65	97	3	False	Pink	True	0.25	Water_2		False	0.61	8.7	225	with_fins
371	Bagon	Dragon		300	45	75	60	40	30	50	3	False	Blue	True	0.5	Dragon		False	0.61	42.1	45	bipedal_tailless
372	Shelgon	Dragon		420	65	95	100	60	50	50	3	False	White	True	0.5	Dragon		False	1.09	110.5	45	quadruped
373	Salamence	Dragon	Flying	600	95	135	80	110	80	100	3	False	Blue	True	0.5	Dragon		True	1.50	102.6	45	quadruped
374	Beldum	Steel	Psychic	300	40	55	80	35	60	30	3	False	Blue	False		Mineral		False	0.61	95.2	3	head_base
375	Metang	Steel	Psychic	420	60	75	100	55	80	50	3	False	Blue	False		Mineral		False	1.19	202.5	3	head_arms
376	Metagross	Steel	Psychic	600	80	135	130	95	90	70	3	False	Blue	False		Mineral		True	1.60	550.0	3	multiple_bodies
377	Regirock	Rock		580	80	100	200	50	100	50	3	True	Brown	False		Undiscovered		False	1.70	230.0	3	bipedal_tailless
378	Regice	Ice		580	80	50	100	100	200	50	3	True	Blue	False		Undiscovered		False	1.80	175.0	3	bipedal_tailless
379	Registeel	Steel		580	80	75	150	75	150	50	3	True	Grey	False		Undiscovered		False	1.91	205.0	3	bipedal_tailless
380	Latias	Dragon	Psychic	600	80	80	90	110	130	110	3	True	Red	True	0	Undiscovered		True	1.40	40.0	3	two_wings
381	Latios	Dragon	Psychic	600	80	90	80	130	110	110	3	True	Blue	True	1	Undiscovered		True	2.01	60.0	3	two_wings
382	Kyogre	Water		670	100	100	90	150	140	90	3	True	Blue	False		Undiscovered		False	4.50	352.0	3	with_fins
383	Groudon	Ground		670	100	150	140	100	90	90	3	True	Red	False		Undiscovered		False	3.51	950.0	3	bipedal_tailed
384	Rayquaza	Dragon	Flying	680	105	150	90	150	90	95	3	True	Green	False		Undiscovered		True	7.01	206.5	45	serpentine_body
385	Jirachi	Steel	Psychic	600	100	100	100	100	100	100	3	True	Yellow	False		Undiscovered		False	0.30	1.1	3	bipedal_tailless
386	Deoxys	Psychic		600	50	150	50	150	50	150	3	True	Red	False		Undiscovered		False	1.70	60.8	3	bipedal_tailless
387	Turtwig	Grass		318	55	68	64	45	55	31	4	False	Green	True	0.875	Monster	Grass	False	0.41	10.2	45	quadruped
388	Grotle	Grass		405	75	89	85	55	65	36	4	False	Green	True	0.875	Monster	Grass	False	1.09	97.0	45	quadruped
389	Torterra	Grass	Ground	525	95	109	105	75	85	56	4	False	Green	True	0.875	Monster	Grass	False	2.21	310.0	45	quadruped
390	Chimchar	Fire		309	44	58	44	58	44	61	4	False	Brown	True	0.875	Field	Human-Like	False	0.51	6.2	45	bipedal_tailed
391	Monferno	Fire	Fighting	405	64	78	52	78	52	81	4	False	Brown	True	0.875	Field	Human-Like	False	0.89	22.0	45	bipedal_tailed
392	Infernape	Fire	Fighting	534	76	104	71	104	71	108	4	False	Brown	True	0.875	Field	Human-Like	False	1.19	55.0	45	bipedal_tailed
393	Piplup	Water		314	53	51	53	61	56	40	4	False	Blue	True	0.875	Water_1	Field	False	0.41	5.2	45	bipedal_tailless
394	Prinplup	Water		405	64	66	68	81	76	50	4	False	Blue	True	0.875	Water_1	Field	False	0.79	23.0	45	bipedal_tailed
395	Empoleon	Water	Steel	530	84	86	88	111	101	60	4	False	Blue	True	0.875	Water_1	Field	False	1.70	84.5	45	bipedal_tailed
396	Starly	Normal	Flying	245	40	55	30	30	30	60	4	False	Brown	True	0.5	Flying		False	0.30	2.0	255	two_wings
397	Staravia	Normal	Flying	340	55	75	50	40	40	80	4	False	Brown	True	0.5	Flying		False	0.61	15.5	120	two_wings
398	Staraptor	Normal	Flying	485	85	120	70	50	60	100	4	False	Brown	True	0.5	Flying		False	1.19	24.9	45	two_wings
399	Bidoof	Normal		250	59	45	40	35	40	31	4	False	Brown	True	0.5	Water_1	Field	False	0.51	20.0	255	quadruped
400	Bibarel	Normal	Water	410	79	85	60	55	60	71	4	False	Brown	True	0.5	Water_1	Field	False	0.99	31.5	127	bipedal_tailed
401	Kricketot	Bug		194	37	25	41	25	41	25	4	False	Red	True	0.5	Bug		False	0.30	2.2	255	bipedal_tailless
402	Kricketune	Bug		384	77	85	51	55	51	65	4	False	Red	True	0.5	Bug		False	0.99	25.5	45	four_wings
403	Shinx	Electric		263	45	65	34	40	34	45	4	False	Blue	True	0.5	Field		False	0.51	9.5	235	quadruped
404	Luxio	Electric		363	60	85	49	60	49	60	4	False	Blue	True	0.5	Field		False	0.89	30.5	120	quadruped
405	Luxray	Electric		523	80	120	79	95	79	70	4	False	Blue	True	0.5	Field		False	1.40	42.0	45	quadruped
406	Budew	Grass	Poison	280	40	30	35	50	70	55	4	False	Green	True	0.5	Undiscovered		False	0.20	1.2	255	bipedal_tailless
407	Roserade	Grass	Poison	515	60	70	65	125	105	90	4	False	Green	True	0.5	Fairy	Grass	False	0.89	14.5	75	bipedal_tailless
408	Cranidos	Rock		350	67	125	40	30	30	58	4	False	Blue	True	0.875	Monster		False	0.89	31.5	45	bipedal_tailed
409	Rampardos	Rock		495	97	165	60	65	50	58	4	False	Blue	True	0.875	Monster		False	1.60	102.5	45	bipedal_tailed
410	Shieldon	Rock	Steel	350	30	42	118	42	88	30	4	False	Grey	True	0.875	Monster		False	0.51	57.0	45	quadruped
411	Bastiodon	Rock	Steel	495	60	52	168	47	138	30	4	False	Grey	True	0.875	Monster		False	1.30	149.5	45	quadruped
412	Burmy	Bug		224	40	29	45	29	45	36	4	False	Grey	True	0.5	Bug		False	0.20	3.4	120	head_base
413	Wormadam	Bug	Grass	424	60	59	85	79	105	36	4	False	Grey	True	0	Bug		False	0.51	6.5	45	head_base
414	Mothim	Bug	Flying	424	70	94	50	94	50	66	4	False	Yellow	True	1	Bug		False	0.89	23.3	45	four_wings
415	Combee	Bug	Flying	244	30	30	42	30	42	70	4	False	Yellow	True	0.875	Bug		False	0.30	5.5	120	multiple_bodies
416	Vespiquen	Bug	Flying	474	70	80	102	80	102	40	4	False	Yellow	True	0	Bug		False	1.19	38.5	45	four_wings
417	Pachirisu	Electric		405	60	45	70	45	90	95	4	False	White	True	0.5	Field	Fairy	False	0.41	3.9	200	quadruped
418	Buizel	Water		330	55	65	35	60	30	85	4	False	Brown	True	0.5	Water_1	Field	False	0.71	29.5	190	quadruped
419	Floatzel	Water		495	85	105	55	85	50	115	4	False	Brown	True	0.5	Water_1	Field	False	1.09	33.5	75	quadruped
420	Cherubi	Grass		275	45	35	45	62	53	35	4	False	Pink	True	0.5	Fairy	Grass	False	0.41	3.3	190	multiple_bodies
421	Cherrim	Grass		450	70	60	70	87	78	85	4	False	Pink	True	0.5	Fairy	Grass	False	0.51	9.3	75	head_legs
422	Shellos	Water		325	76	48	48	57	62	34	4	False	Purple	True	0.5	Water_1	Amorphous	False	0.30	6.3	190	serpentine_body
423	Gastrodon	Water	Ground	475	111	83	68	92	82	39	4	False	Purple	True	0.5	Water_1	Amorphous	False	0.89	29.9	75	serpentine_body
424	Ambipom	Normal		482	75	100	66	60	66	115	4	False	Purple	True	0.5	Field		False	1.19	20.3	45	bipedal_tailed
425	Drifloon	Ghost	Flying	348	90	50	34	60	44	70	4	False	Purple	True	0.5	Amorphous		False	0.41	1.2	125	head_arms
426	Drifblim	Ghost	Flying	498	150	80	44	90	54	80	4	False	Purple	True	0.5	Amorphous		False	1.19	15.0	60	head_arms
427	Buneary	Normal		350	55	66	44	44	56	85	4	False	Brown	True	0.5	Field	Human-Like	False	0.41	5.5	190	bipedal_tailed
428	Lopunny	Normal		480	65	76	84	54	96	105	4	False	Brown	True	0.5	Field	Human-Like	True	1.19	33.3	60	bipedal_tailed
429	Mismagius	Ghost		495	60	60	60	105	105	105	4	False	Purple	True	0.5	Amorphous		False	0.89	4.4	45	head_only
430	Honchkrow	Dark	Flying	505	100	125	52	105	52	71	4	False	Black	True	0.5	Flying		False	0.89	27.3	30	two_wings
431	Glameow	Normal		310	49	55	42	42	37	85	4	False	Grey	True	0.25	Field		False	0.51	3.9	190	quadruped
432	Purugly	Normal		452	71	82	64	64	59	112	4	False	Grey	True	0.25	Field		False	0.99	43.8	75	quadruped
433	Chingling	Psychic		285	45	30	50	65	50	45	4	False	Yellow	True	0.5	Undiscovered		False	0.20	0.6	120	bipedal_tailless
434	Stunky	Poison	Dark	329	63	63	47	41	41	74	4	False	Purple	True	0.5	Field		False	0.41	19.2	225	quadruped
435	Skuntank	Poison	Dark	479	103	93	67	71	61	84	4	False	Purple	True	0.5	Field		False	0.99	38.0	60	quadruped
436	Bronzor	Steel	Psychic	300	57	24	86	24	86	23	4	False	Green	False		Mineral		False	0.51	60.5	255	head_only
437	Bronzong	Steel	Psychic	500	67	89	116	79	116	33	4	False	Green	False		Mineral		False	1.30	187.0	90	head_arms
438	Bonsly	Rock		290	50	80	95	10	45	10	4	False	Brown	True	0.5	Undiscovered		False	0.51	15.0	255	head_legs
439	Mime_Jr.	Psychic	Fairy	310	20	25	45	70	90	60	4	False	Pink	True	0.5	Undiscovered		False	0.61	13.0	145	bipedal_tailless
440	Happiny	Normal		220	100	5	5	15	65	30	4	False	Pink	True	0	Undiscovered		False	0.61	24.4	130	bipedal_tailless
441	Chatot	Normal	Flying	411	76	65	45	92	42	91	4	False	Black	True	0.5	Flying		False	0.51	1.9	30	two_wings
442	Spiritomb	Ghost	Dark	485	50	92	108	92	108	35	4	False	Purple	True	0.5	Amorphous		False	0.99	108.0	100	head_base
443	Gible	Dragon	Ground	300	58	70	45	40	45	42	4	False	Blue	True	0.5	Monster	Dragon	False	0.71	20.5	45	bipedal_tailed
444	Gabite	Dragon	Ground	410	68	90	65	50	55	82	4	False	Blue	True	0.5	Monster	Dragon	False	1.40	56.0	45	bipedal_tailed
445	Garchomp	Dragon	Ground	600	108	130	95	80	85	102	4	False	Blue	True	0.5	Monster	Dragon	True	1.91	95.0	45	bipedal_tailed
446	Munchlax	Normal		390	135	85	40	40	85	5	4	False	Black	True	0.875	Undiscovered		False	0.61	105.0	50	bipedal_tailless
447	Riolu	Fighting		285	40	70	40	35	40	60	4	False	Blue	True	0.875	Undiscovered		False	0.71	20.2	75	bipedal_tailed
448	Lucario	Fighting	Steel	525	70	110	70	115	70	90	4	False	Blue	True	0.875	Field	Human-Like	True	1.19	54.0	45	bipedal_tailed
449	Hippopotas	Ground		330	68	72	78	38	42	32	4	False	Brown	True	0.5	Field		False	0.79	49.5	140	quadruped
450	Hippowdon	Ground		525	108	112	118	68	72	47	4	False	Brown	True	0.5	Field		False	2.01	300.0	60	quadruped
451	Skorupi	Poison	Bug	330	40	50	90	30	55	65	4	False	Purple	True	0.5	Bug	Water_3	False	0.79	12.0	120	insectoid
452	Drapion	Poison	Dark	500	70	90	110	60	75	95	4	False	Purple	True	0.5	Bug	Water_3	False	1.30	61.5	45	insectoid
453	Croagunk	Poison	Fighting	300	48	61	40	61	40	50	4	False	Blue	True	0.5	Human-Like		False	0.71	23.0	140	bipedal_tailless
454	Toxicroak	Poison	Fighting	490	83	106	65	86	65	85	4	False	Blue	True	0.5	Human-Like		False	1.30	44.4	75	bipedal_tailless
455	Carnivine	Grass		454	74	100	72	90	72	46	4	False	Green	True	0.5	Grass		False	1.40	27.0	200	several_limbs
456	Finneon	Water		330	49	49	56	49	61	66	4	False	Blue	True	0.5	Water_2		False	0.41	7.0	190	with_fins
457	Lumineon	Water		460	69	69	76	69	86	91	4	False	Blue	True	0.5	Water_2		False	1.19	24.0	75	with_fins
458	Mantyke	Water	Flying	345	45	20	50	60	120	50	4	False	Blue	True	0.5	Undiscovered		False	0.99	65.0	25	two_wings
459	Snover	Grass	Ice	334	60	62	50	62	60	40	4	False	White	True	0.5	Monster	Grass	False	0.99	50.5	120	bipedal_tailed
460	Abomasnow	Grass	Ice	494	90	92	75	92	85	60	4	False	White	True	0.5	Monster	Grass	True	2.21	135.5	60	bipedal_tailed
461	Weavile	Dark	Ice	510	70	120	65	45	85	125	4	False	Black	True	0.5	Field		False	1.09	34.0	45	bipedal_tailed
462	Magnezone	Electric	Steel	535	70	70	115	130	90	60	4	False	Grey	False		Mineral		False	1.19	180.0	30	head_arms
463	Lickilicky	Normal		515	110	85	95	80	95	50	4	False	Pink	True	0.5	Monster		False	1.70	140.0	30	bipedal_tailless
464	Rhyperior	Ground	Rock	535	115	140	130	55	55	40	4	False	Grey	True	0.5	Monster	Field	False	2.39	282.8	30	bipedal_tailed
465	Tangrowth	Grass		535	100	100	125	110	50	50	4	False	Blue	True	0.5	Grass		False	2.01	128.6	30	bipedal_tailless
466	Electivire	Electric		540	75	123	67	95	85	95	4	False	Yellow	True	0.75	Human-Like		False	1.80	138.6	30	bipedal_tailed
467	Magmortar	Fire		540	75	95	67	125	95	83	4	False	Red	True	0.75	Human-Like		False	1.60	68.0	30	bipedal_tailed
468	Togekiss	Fairy	Flying	545	85	50	95	120	115	80	4	False	White	True	0.875	Flying	Fairy	False	1.50	38.0	30	two_wings
469	Yanmega	Bug	Flying	515	86	76	86	116	56	95	4	False	Green	True	0.5	Bug		False	1.91	51.5	30	four_wings
470	Leafeon	Grass		525	65	110	130	60	65	95	4	False	Green	True	0.875	Field		False	0.99	25.5	45	quadruped
471	Glaceon	Ice		525	65	60	110	130	95	65	4	False	Blue	True	0.875	Field		False	0.79	25.9	45	quadruped
472	Gliscor	Ground	Flying	510	75	95	125	45	75	95	4	False	Purple	True	0.5	Bug		False	2.01	42.5	30	two_wings
473	Mamoswine	Ice	Ground	530	110	130	80	70	60	80	4	False	Brown	True	0.5	Field		False	2.49	291.0	50	quadruped
474	Porygon-Z	Normal		535	85	80	70	135	75	90	4	False	Red	False		Mineral		False	0.89	34.0	30	head_arms
475	Gallade	Psychic	Fighting	518	68	125	65	65	115	80	4	False	White	True	1	Amorphous		True	1.60	52.0	45	bipedal_tailless
476	Probopass	Rock	Steel	525	60	55	145	75	150	40	4	False	Grey	True	0.5	Mineral		False	1.40	340.0	60	multiple_bodies
477	Dusknoir	Ghost		525	45	100	135	65	135	45	4	False	Black	True	0.5	Amorphous		False	2.21	106.6	45	head_arms
478	Froslass	Ice	Ghost	480	70	80	70	80	70	110	4	False	White	True	0	Fairy	Mineral	False	1.30	26.6	75	head_arms
479	Rotom	Electric	Ghost	440	50	50	77	95	77	91	4	False	Red	False		Amorphous		False	0.30	0.3	45	head_only
480	Uxie	Psychic		580	75	75	130	75	130	95	4	True	Yellow	False		Undiscovered		False	0.30	0.3	3	bipedal_tailed
481	Mesprit	Psychic		580	80	105	105	105	105	80	4	True	Pink	False		Undiscovered		False	0.30	0.3	3	bipedal_tailed
482	Azelf	Psychic		580	75	125	70	125	70	115	4	True	Blue	False		Undiscovered		False	0.30	0.3	3	bipedal_tailed
483	Dialga	Steel	Dragon	680	100	120	120	150	100	90	4	True	White	False		Undiscovered		False	5.41	683.0	3	quadruped
484	Palkia	Water	Dragon	680	90	120	100	150	120	100	4	True	Purple	False		Undiscovered		False	4.19	336.0	3	bipedal_tailed
485	Heatran	Fire	Steel	600	91	90	106	130	106	77	4	True	Brown	True	0.5	Undiscovered		False	1.70	430.0	3	quadruped
486	Regigigas	Normal		670	110	160	110	80	110	100	4	True	White	False		Undiscovered		False	3.71	420.0	3	bipedal_tailless
487	Giratina	Ghost	Dragon	680	150	120	100	120	100	90	4	True	Black	False		Undiscovered		False	6.91	650.0	3	serpentine_body
488	Cresselia	Psychic		600	120	70	120	75	130	85	4	False	Yellow	True	0	Undiscovered		False	1.50	85.6	3	serpentine_body
489	Phione	Water		480	80	80	80	80	80	80	4	False	Blue	False		Water_1	Fairy	False	0.41	3.1	30	head_arms
490	Manaphy	Water		600	100	100	100	100	100	100	4	False	Blue	False		Water_1	Fairy	False	0.30	1.4	3	bipedal_tailless
491	Darkrai	Dark		600	70	90	90	135	90	125	4	True	Black	False		Undiscovered		False	1.50	50.5	3	bipedal_tailless
492	Shaymin	Grass		600	100	100	100	100	100	100	4	True	Green	False		Undiscovered		False	0.20	2.1	45	quadruped
493	Arceus	Normal		720	120	120	120	120	120	120	4	True	Grey	False		Undiscovered		False	3.20	320.0	3	quadruped
494	Victini	Psychic	Fire	600	100	100	100	100	100	100	5	True	Yellow	False		Undiscovered		False	0.41	4.0	3	bipedal_tailless
495	Snivy	Grass		308	45	45	55	45	55	63	5	False	Green	True	0.875	Field	Grass	False	0.61	8.1	45	bipedal_tailed
496	Servine	Grass		413	60	60	75	60	75	83	5	False	Green	True	0.875	Field	Grass	False	0.79	16.0	45	bipedal_tailed
497	Serperior	Grass		528	75	75	95	75	95	113	5	False	Green	True	0.875	Field	Grass	False	3.30	63.0	45	serpentine_body
498	Tepig	Fire		308	65	63	45	45	45	45	5	False	Red	True	0.875	Field		False	0.51	9.9	45	quadruped
499	Pignite	Fire	Fighting	418	90	93	55	70	55	55	5	False	Red	True	0.875	Field		False	0.99	55.5	45	bipedal_tailed
500	Emboar	Fire	Fighting	528	110	123	65	100	65	65	5	False	Red	True	0.875	Field		False	1.60	150.0	45	bipedal_tailed
501	Oshawott	Water		308	55	55	45	63	45	45	5	False	Blue	True	0.875	Field		False	0.51	5.9	45	bipedal_tailed
502	Dewott	Water		413	75	75	60	83	60	60	5	False	Blue	True	0.875	Field		False	0.79	24.5	45	bipedal_tailed
503	Samurott	Water		528	95	100	85	108	70	70	5	False	Blue	True	0.875	Field		False	1.50	94.6	45	quadruped
504	Patrat	Normal		255	45	55	39	35	39	42	5	False	Brown	True	0.5	Field		False	0.51	11.6	255	quadruped
505	Watchog	Normal		420	60	85	69	60	69	77	5	False	Brown	True	0.5	Field		False	1.09	27.0	255	bipedal_tailed
506	Lillipup	Normal		275	45	60	45	25	45	55	5	False	Brown	True	0.5	Field		False	0.41	4.1	255	quadruped
507	Herdier	Normal		370	65	80	65	35	65	60	5	False	Grey	True	0.5	Field		False	0.89	14.7	120	quadruped
508	Stoutland	Normal		500	85	110	90	45	90	80	5	False	Grey	True	0.5	Field		False	1.19	61.0	45	quadruped
509	Purrloin	Dark		281	41	50	37	50	37	66	5	False	Purple	True	0.5	Field		False	0.41	10.1	255	quadruped
510	Liepard	Dark		446	64	88	50	88	50	106	5	False	Purple	True	0.5	Field		False	1.09	37.5	90	quadruped
511	Pansage	Grass		316	50	53	48	53	48	64	5	False	Green	True	0.875	Field		False	0.61	10.5	190	bipedal_tailed
512	Simisage	Grass		498	75	98	63	98	63	101	5	False	Green	True	0.875	Field		False	1.09	30.5	75	bipedal_tailed
513	Pansear	Fire		316	50	53	48	53	48	64	5	False	Red	True	0.875	Field		False	0.61	11.0	190	bipedal_tailed
514	Simisear	Fire		498	75	98	63	98	63	101	5	False	Red	True	0.875	Field		False	0.99	28.0	75	bipedal_tailed
515	Panpour	Water		316	50	53	48	53	48	64	5	False	Blue	True	0.875	Field		False	0.61	13.5	190	bipedal_tailed
516	Simipour	Water		498	75	98	63	98	63	101	5	False	Blue	True	0.875	Field		False	0.99	29.0	75	bipedal_tailed
517	Munna	Psychic		292	76	25	45	67	55	24	5	False	Pink	True	0.5	Field		False	0.61	23.3	190	quadruped
518	Musharna	Psychic		487	116	55	85	107	95	29	5	False	Pink	True	0.5	Field		False	1.09	60.5	75	bipedal_tailless
519	Pidove	Normal	Flying	264	50	55	50	36	30	43	5	False	Grey	True	0.5	Flying		False	0.30	2.1	255	two_wings
520	Tranquill	Normal	Flying	358	62	77	62	50	42	65	5	False	Grey	True	0.5	Flying		False	0.61	15.0	120	two_wings
521	Unfezant	Normal	Flying	488	80	115	80	65	55	93	5	False	Grey	True	0.5	Flying		False	1.19	29.0	45	two_wings
522	Blitzle	Electric		295	45	60	32	50	32	76	5	False	Black	True	0.5	Field		False	0.79	29.8	190	quadruped
523	Zebstrika	Electric		497	75	100	63	80	63	116	5	False	Black	True	0.5	Field		False	1.60	79.5	75	quadruped
524	Roggenrola	Rock		280	55	75	85	25	25	15	5	False	Blue	True	0.5	Mineral		False	0.41	18.0	255	head_legs
525	Boldore	Rock		390	70	105	105	50	40	20	5	False	Blue	True	0.5	Mineral		False	0.89	102.0	120	several_limbs
526	Gigalith	Rock		515	85	135	130	60	80	25	5	False	Blue	True	0.5	Mineral		False	1.70	260.0	45	several_limbs
527	Woobat	Psychic	Flying	313	55	45	43	55	43	72	5	False	Blue	True	0.5	Field	Flying	False	0.41	2.1	190	two_wings
528	Swoobat	Psychic	Flying	425	67	57	55	77	55	114	5	False	Blue	True	0.5	Field	Flying	False	0.89	10.5	45	two_wings
529	Drilbur	Ground		328	60	85	40	30	45	68	5	False	Grey	True	0.5	Field		False	0.30	8.5	120	bipedal_tailed
530	Excadrill	Ground	Steel	508	110	135	60	50	65	88	5	False	Grey	True	0.5	Field		False	0.71	40.4	60	bipedal_tailless
531	Audino	Normal		445	103	60	86	60	86	50	5	False	Pink	True	0.5	Fairy		True	1.09	31.0	255	bipedal_tailed
532	Timburr	Fighting		305	75	80	55	25	35	35	5	False	Grey	True	0.75	Human-Like		False	0.61	12.5	180	bipedal_tailless
533	Gurdurr	Fighting		405	85	105	85	40	50	40	5	False	Grey	True	0.75	Human-Like		False	1.19	40.0	90	bipedal_tailless
534	Conkeldurr	Fighting		505	105	140	95	55	65	45	5	False	Grey	True	0.75	Human-Like		False	1.40	87.0	45	bipedal_tailless
535	Tympole	Water		294	50	50	40	50	40	64	5	False	Blue	True	0.5	Water_1		False	0.51	4.5	255	with_fins
536	Palpitoad	Water	Ground	384	75	65	55	65	55	69	5	False	Blue	True	0.5	Water_1		False	0.79	17.0	120	bipedal_tailed
537	Seismitoad	Water	Ground	509	105	95	75	85	75	74	5	False	Blue	True	0.5	Water_1		False	1.50	62.0	45	bipedal_tailless
538	Throh	Fighting		465	120	100	85	30	85	45	5	False	Red	True	1	Human-Like		False	1.30	55.5	45	bipedal_tailless
539	Sawk	Fighting		465	75	125	75	30	75	85	5	False	Blue	True	1	Human-Like		False	1.40	51.0	45	bipedal_tailless
540	Sewaddle	Bug	Grass	310	45	53	70	40	60	42	5	False	Yellow	True	0.5	Bug		False	0.30	2.5	255	insectoid
541	Swadloon	Bug	Grass	380	55	63	90	50	80	42	5	False	Green	True	0.5	Bug		False	0.51	7.3	120	head_arms
542	Leavanny	Bug	Grass	500	75	103	80	70	80	92	5	False	Yellow	True	0.5	Bug		False	1.19	20.5	45	bipedal_tailless
543	Venipede	Bug	Poison	260	30	45	59	30	39	57	5	False	Red	True	0.5	Bug		False	0.41	5.3	255	insectoid
544	Whirlipede	Bug	Poison	360	40	55	99	40	79	47	5	False	Grey	True	0.5	Bug		False	1.19	58.5	120	head_only
545	Scolipede	Bug	Poison	485	60	100	89	55	69	112	5	False	Red	True	0.5	Bug		False	2.49	200.5	45	insectoid
546	Cottonee	Grass	Fairy	280	40	27	60	37	50	66	5	False	Green	True	0.5	Grass	Fairy	False	0.30	0.6	190	head_only
547	Whimsicott	Grass	Fairy	480	60	67	85	77	75	116	5	False	Green	True	0.5	Grass	Fairy	False	0.71	6.6	75	bipedal_tailless
548	Petilil	Grass		280	45	35	50	70	50	30	5	False	Green	True	0	Grass		False	0.51	6.6	190	head_base
549	Lilligant	Grass		480	70	60	75	110	75	90	5	False	Green	True	0	Grass		False	1.09	16.3	75	head_base
550	Basculin	Water		460	70	92	65	80	55	98	5	False	Green	True	0.5	Water_2		False	0.99	18.0	25	with_fins
551	Sandile	Ground	Dark	292	50	72	35	35	35	65	5	False	Brown	True	0.5	Field		False	0.71	15.2	180	quadruped
552	Krokorok	Ground	Dark	351	60	82	45	45	45	74	5	False	Brown	True	0.5	Field		False	0.99	33.4	90	quadruped
553	Krookodile	Ground	Dark	519	95	117	80	65	70	92	5	False	Red	True	0.5	Field		False	1.50	96.3	45	bipedal_tailed
554	Darumaka	Fire		315	70	90	45	15	45	50	5	False	Red	True	0.5	Field		False	0.61	37.5	120	bipedal_tailless
555	Darmanitan	Fire		480	105	140	55	30	55	95	5	False	Red	True	0.5	Field		False	1.30	92.9	60	quadruped
556	Maractus	Grass		461	75	86	67	106	67	60	5	False	Green	True	0.5	Grass		False	0.99	28.0	255	head_base
557	Dwebble	Bug	Rock	325	50	65	85	35	35	55	5	False	Red	True	0.5	Bug	Mineral	False	0.30	14.5	190	insectoid
558	Crustle	Bug	Rock	475	70	95	125	65	75	45	5	False	Red	True	0.5	Bug	Mineral	False	1.40	200.0	75	insectoid
559	Scraggy	Dark	Fighting	348	50	75	70	35	70	48	5	False	Yellow	True	0.5	Field	Dragon	False	0.61	11.8	180	bipedal_tailed
560	Scrafty	Dark	Fighting	488	65	90	115	45	115	58	5	False	Red	True	0.5	Field	Dragon	False	1.09	30.0	90	bipedal_tailed
561	Sigilyph	Psychic	Flying	490	72	58	80	103	80	97	5	False	Black	True	0.5	Flying		False	1.40	14.0	45	two_wings
562	Yamask	Ghost		303	38	30	85	55	65	30	5	False	Black	True	0.5	Mineral	Amorphous	False	0.51	1.5	190	head_arms
563	Cofagrigus	Ghost		483	58	50	145	95	105	30	5	False	Yellow	True	0.5	Mineral	Amorphous	False	1.70	76.5	90	head_base
564	Tirtouga	Water	Rock	355	54	78	103	53	45	22	5	False	Blue	True	0.875	Water_1	Water_3	False	0.71	16.5	45	quadruped
565	Carracosta	Water	Rock	495	74	108	133	83	65	32	5	False	Blue	True	0.875	Water_1	Water_3	False	1.19	81.0	45	bipedal_tailed
566	Archen	Rock	Flying	401	55	112	45	74	45	70	5	False	Yellow	True	0.875	Flying	Water_3	False	0.51	9.5	45	two_wings
567	Archeops	Rock	Flying	567	75	140	65	112	65	110	5	False	Yellow	True	0.875	Flying	Water_3	False	1.40	32.0	45	two_wings
568	Trubbish	Poison		329	50	50	62	40	62	65	5	False	Green	True	0.5	Mineral		False	0.61	31.0	190	bipedal_tailless
569	Garbodor	Poison		474	80	95	82	60	82	75	5	False	Green	True	0.5	Mineral		False	1.91	107.3	60	bipedal_tailless
570	Zorua	Dark		330	40	65	40	80	40	65	5	False	Grey	True	0.875	Field		False	0.71	12.5	75	quadruped
571	Zoroark	Dark		510	60	105	60	120	60	105	5	False	Grey	True	0.875	Field		False	1.60	81.1	45	bipedal_tailed
572	Minccino	Normal		300	55	50	40	40	40	75	5	False	Grey	True	0.25	Field		False	0.41	5.8	255	quadruped
573	Cinccino	Normal		470	75	95	60	65	60	115	5	False	Grey	True	0.25	Field		False	0.51	7.5	60	quadruped
574	Gothita	Psychic		290	45	30	50	55	65	45	5	False	Purple	True	0.25	Human-Like		False	0.41	5.8	200	bipedal_tailless
575	Gothorita	Psychic		390	60	45	70	75	85	55	5	False	Purple	True	0.25	Human-Like		False	0.71	18.0	100	bipedal_tailless
576	Gothitelle	Psychic		490	70	55	95	95	110	65	5	False	Purple	True	0.25	Human-Like		False	1.50	44.0	50	bipedal_tailless
577	Solosis	Psychic		290	45	30	40	105	50	20	5	False	Green	True	0.5	Amorphous		False	0.30	1.0	200	head_only
578	Duosion	Psychic		370	65	40	50	125	60	30	5	False	Green	True	0.5	Amorphous		False	0.61	8.0	100	head_only
579	Reuniclus	Psychic		490	110	65	75	125	85	30	5	False	Green	True	0.5	Amorphous		False	0.99	20.1	50	head_arms
580	Ducklett	Water	Flying	305	62	44	50	44	50	55	5	False	Blue	True	0.5	Water_1	Flying	False	0.51	5.5	190	two_wings
581	Swanna	Water	Flying	473	75	87	63	87	63	98	5	False	White	True	0.5	Water_1	Flying	False	1.30	24.2	45	two_wings
582	Vanillite	Ice		305	36	50	50	65	60	44	5	False	White	True	0.5	Mineral		False	0.41	5.7	255	head_base
583	Vanillish	Ice		395	51	65	65	80	75	59	5	False	White	True	0.5	Mineral		False	1.09	41.0	120	head_base
584	Vanilluxe	Ice		535	71	95	85	110	95	79	5	False	White	True	0.5	Mineral		False	1.30	57.5	45	multiple_bodies
585	Deerling	Normal	Grass	335	60	60	50	40	50	75	5	False	Yellow	True	0.5	Field		False	0.61	19.5	190	quadruped
586	Sawsbuck	Normal	Grass	475	80	100	70	60	70	95	5	False	Brown	True	0.5	Field		False	1.91	92.5	75	quadruped
587	Emolga	Electric	Flying	428	55	75	60	75	60	103	5	False	White	True	0.5	Field		False	0.41	5.0	200	quadruped
588	Karrablast	Bug		315	50	75	45	40	45	60	5	False	Blue	True	0.5	Bug		False	0.51	5.9	200	bipedal_tailless
589	Escavalier	Bug	Steel	495	70	135	105	60	105	20	5	False	Grey	True	0.5	Bug		False	0.99	33.0	75	head_arms
590	Foongus	Grass	Poison	294	69	55	45	55	55	15	5	False	White	True	0.5	Grass		False	0.20	1.0	190	head_arms
591	Amoonguss	Grass	Poison	464	114	85	70	85	80	30	5	False	Grey	True	0.5	Grass		False	0.61	10.5	75	head_arms
592	Frillish	Water	Ghost	335	55	40	50	65	85	40	5	False	White	True	0.5	Amorphous		False	1.19	33.0	190	several_limbs
593	Jellicent	Water	Ghost	480	100	60	70	85	105	60	5	False	White	True	0.5	Amorphous		False	2.21	135.0	60	several_limbs
594	Alomomola	Water		470	165	75	80	40	45	65	5	False	Pink	True	0.5	Water_1	Water_2	False	1.19	31.6	75	with_fins
595	Joltik	Bug	Electric	319	50	47	50	57	50	65	5	False	Yellow	True	0.5	Bug		False	0.10	0.6	190	insectoid
596	Galvantula	Bug	Electric	472	70	77	60	97	60	108	5	False	Yellow	True	0.5	Bug		False	0.79	14.3	75	insectoid
597	Ferroseed	Grass	Steel	305	44	50	91	24	86	10	5	False	Grey	True	0.5	Grass	Mineral	False	0.61	18.8	255	head_only
598	Ferrothorn	Grass	Steel	489	74	94	131	54	116	20	5	False	Grey	True	0.5	Grass	Mineral	False	0.99	110.0	90	several_limbs
599	Klink	Steel		300	40	55	70	45	60	30	5	False	Grey	False		Mineral		False	0.30	21.0	130	multiple_bodies
600	Klang	Steel		440	60	80	95	70	85	50	5	False	Grey	False		Mineral		False	0.61	51.0	60	multiple_bodies
601	Klinklang	Steel		520	60	100	115	70	85	90	5	False	Grey	False		Mineral		False	0.61	81.0	30	multiple_bodies
602	Tynamo	Electric		275	35	55	40	45	40	60	5	False	White	True	0.5	Amorphous		False	0.20	0.3	190	with_fins
603	Eelektrik	Electric		405	65	85	70	75	70	40	5	False	Blue	True	0.5	Amorphous		False	1.19	22.0	60	with_fins
604	Eelektross	Electric		515	85	115	80	105	80	50	5	False	Blue	True	0.5	Amorphous		False	2.11	80.5	30	with_fins
605	Elgyem	Psychic		335	55	55	55	85	55	30	5	False	Grey	True	0.5	Human-Like		False	0.51	9.0	255	bipedal_tailed
606	Beheeyem	Psychic		485	75	75	75	125	95	40	5	False	Brown	True	0.5	Human-Like		False	0.99	34.5	90	bipedal_tailless
607	Litwick	Ghost	Fire	275	50	30	55	65	55	20	5	False	White	True	0.5	Amorphous		False	0.30	3.1	190	head_base
608	Lampent	Ghost	Fire	370	60	40	60	95	60	55	5	False	Black	True	0.5	Amorphous		False	0.61	13.0	90	head_arms
609	Chandelure	Ghost	Fire	520	60	55	90	145	90	80	5	False	Black	True	0.5	Amorphous		False	0.99	34.3	45	head_arms
610	Axew	Dragon		320	46	87	60	30	40	57	5	False	Green	True	0.5	Monster	Dragon	False	0.61	18.0	75	bipedal_tailed
611	Fraxure	Dragon		410	66	117	70	40	50	67	5	False	Green	True	0.5	Monster	Dragon	False	0.99	36.0	60	bipedal_tailed
612	Haxorus	Dragon		540	76	147	90	60	70	97	5	False	Yellow	True	0.5	Monster	Dragon	False	1.80	105.5	45	bipedal_tailed
613	Cubchoo	Ice		305	55	70	40	60	40	40	5	False	Blue	True	0.5	Field		False	0.51	8.5	120	bipedal_tailed
614	Beartic	Ice		485	95	110	80	70	80	50	5	False	White	True	0.5	Field		False	2.59	260.0	60	quadruped
615	Cryogonal	Ice		485	70	50	30	95	135	105	5	False	Blue	False		Mineral		False	1.09	148.0	25	head_only
616	Shelmet	Bug		305	50	40	85	40	65	25	5	False	Red	True	0.5	Bug		False	0.41	7.7	200	head_only
617	Accelgor	Bug		495	80	70	40	100	60	145	5	False	Red	True	0.5	Bug		False	0.79	25.3	75	head_arms
618	Stunfisk	Ground	Electric	471	109	66	84	81	99	32	5	False	Brown	True	0.5	Water_1	Amorphous	False	0.71	11.0	75	with_fins
619	Mienfoo	Fighting		350	45	85	50	55	50	65	5	False	Yellow	True	0.5	Field	Human-Like	False	0.89	20.0	180	bipedal_tailed
620	Mienshao	Fighting		510	65	125	60	95	60	105	5	False	Purple	True	0.5	Field	Human-Like	False	1.40	35.5	45	bipedal_tailed
621	Druddigon	Dragon		485	77	120	90	60	90	48	5	False	Red	True	0.5	Dragon	Monster	False	1.60	139.0	45	bipedal_tailed
622	Golett	Ground	Ghost	303	59	74	50	35	50	35	5	False	Green	False		Mineral		False	0.99	92.0	190	bipedal_tailless
623	Golurk	Ground	Ghost	483	89	124	80	55	80	55	5	False	Green	False		Mineral		False	2.79	330.0	90	bipedal_tailless
624	Pawniard	Dark	Steel	340	45	85	70	40	40	60	5	False	Red	True	0.5	Human-Like		False	0.51	10.2	120	bipedal_tailless
625	Bisharp	Dark	Steel	490	65	125	100	60	70	70	5	False	Red	True	0.5	Human-Like		False	1.60	70.0	45	bipedal_tailless
626	Bouffalant	Normal		490	95	110	95	40	95	55	5	False	Brown	True	0.5	Field		False	1.60	94.6	45	quadruped
627	Rufflet	Normal	Flying	350	70	83	50	37	50	60	5	False	White	True	1	Flying		False	0.51	10.5	190	two_wings
628	Braviary	Normal	Flying	510	100	123	75	57	75	80	5	False	Red	True	1	Flying		False	1.50	41.0	60	two_wings
629	Vullaby	Dark	Flying	370	70	55	75	45	65	60	5	False	Brown	True	0	Flying		False	0.51	9.0	190	two_wings
630	Mandibuzz	Dark	Flying	510	110	65	105	55	95	80	5	False	Brown	True	0	Flying		False	1.19	39.5	60	two_wings
631	Heatmor	Fire		484	85	97	66	105	66	65	5	False	Red	True	0.5	Field		False	1.40	58.0	90	bipedal_tailed
632	Durant	Bug	Steel	484	58	109	112	48	48	109	5	False	Grey	True	0.5	Bug		False	0.30	33.0	90	insectoid
633	Deino	Dark	Dragon	300	52	65	50	45	50	38	5	False	Blue	True	0.5	Dragon		False	0.79	17.3	45	quadruped
634	Zweilous	Dark	Dragon	420	72	85	70	65	70	58	5	False	Blue	True	0.5	Dragon		False	1.40	50.0	45	quadruped
635	Hydreigon	Dark	Dragon	600	92	105	90	125	90	98	5	False	Blue	True	0.5	Dragon		False	1.80	160.0	45	bipedal_tailed
636	Larvesta	Bug	Fire	360	55	85	55	50	55	60	5	False	White	True	0.5	Bug		False	1.09	28.8	45	insectoid
637	Volcarona	Bug	Fire	550	85	60	65	135	105	100	5	False	White	True	0.5	Bug		False	1.60	46.0	15	four_wings
638	Cobalion	Steel	Fighting	580	91	90	129	90	72	108	5	True	Blue	False		Undiscovered		False	2.11	250.0	3	quadruped
639	Terrakion	Rock	Fighting	580	91	129	90	72	90	108	5	True	Grey	False		Undiscovered		False	1.91	260.0	3	quadruped
640	Virizion	Grass	Fighting	580	91	90	72	90	129	108	5	True	Green	False		Undiscovered		False	2.01	200.0	3	quadruped
641	Tornadus	Flying		580	79	115	70	125	80	111	5	True	Green	True	1	Undiscovered		False	1.50	63.0	3	head_arms
642	Thundurus	Electric	Flying	580	79	115	70	125	80	111	5	True	Blue	True	1	Undiscovered		False	1.50	61.0	3	head_arms
643	Reshiram	Dragon	Fire	680	100	120	100	150	120	90	5	True	White	False		Undiscovered		False	3.20	330.0	3	two_wings
644	Zekrom	Dragon	Electric	680	100	150	120	120	100	90	5	True	Black	False		Undiscovered		False	2.90	345.0	3	bipedal_tailed
645	Landorus	Ground	Flying	600	89	125	90	115	80	101	5	True	Brown	True	1	Undiscovered		False	1.50	68.0	3	head_arms
646	Kyurem	Dragon	Ice	660	125	130	90	130	90	95	5	True	Grey	False		Undiscovered		False	3.00	325.0	3	bipedal_tailed
647	Keldeo	Water	Fighting	580	91	72	90	129	90	108	5	False	Yellow	False		Undiscovered		False	1.40	48.5	3	quadruped
648	Meloetta	Normal	Psychic	600	100	77	77	128	128	90	5	False	White	False		Undiscovered		False	0.61	6.5	3	bipedal_tailless
649	Genesect	Bug	Steel	600	71	120	95	120	95	99	5	False	Purple	False		Undiscovered		False	1.50	82.5	3	bipedal_tailless
650	Chespin	Grass		313	56	61	65	48	45	38	6	False	Green	True	0.875	Field		False	0.41	9.0	45	bipedal_tailed
651	Quilladin	Grass		405	61	78	95	56	58	57	6	False	Green	True	0.875	Field		False	0.71	29.0	45	bipedal_tailed
652	Chesnaught	Grass	Fighting	530	88	107	122	74	75	64	6	False	Green	True	0.875	Field		False	1.60	90.0	45	bipedal_tailed
653	Fennekin	Fire		307	40	45	40	62	60	60	6	False	Red	True	0.875	Field		False	0.41	9.4	45	quadruped
654	Braixen	Fire		409	59	59	58	90	70	73	6	False	Red	True	0.875	Field		False	0.99	14.5	45	bipedal_tailed
655	Delphox	Fire	Psychic	534	75	69	72	114	100	104	6	False	Red	True	0.875	Field		False	1.50	39.0	45	bipedal_tailed
656	Froakie	Water		314	41	56	40	62	44	71	6	False	Blue	True	0.875	Water_1		False	0.30	7.0	45	quadruped
657	Frogadier	Water		405	54	63	52	83	56	97	6	False	Blue	True	0.875	Water_1		False	0.61	10.9	45	bipedal_tailless
658	Greninja	Water	Dark	530	72	95	67	103	71	122	6	False	Blue	True	0.875	Water_1		False	1.50	40.0	45	bipedal_tailless
659	Bunnelby	Normal		237	38	36	38	32	36	57	6	False	Brown	True	0.5	Field		False	0.41	5.0	255	bipedal_tailed
660	Diggersby	Normal	Ground	423	85	56	77	50	77	78	6	False	Brown	True	0.5	Field		False	0.99	42.4	127	bipedal_tailed
661	Fletchling	Normal	Flying	278	45	50	43	40	38	62	6	False	Red	True	0.5	Flying		False	0.30	1.7	255	two_wings
662	Fletchinder	Fire	Flying	382	62	73	55	56	52	84	6	False	Red	True	0.5	Flying		False	0.71	16.0	120	two_wings
663	Talonflame	Fire	Flying	499	78	81	71	74	69	126	6	False	Red	True	0.5	Flying		False	1.19	24.5	45	two_wings
664	Scatterbug	Bug		200	38	35	40	27	25	35	6	False	Black	True	0.5	Bug		False	0.30	2.5	255	insectoid
665	Spewpa	Bug		213	45	22	60	27	30	29	6	False	Black	True	0.5	Bug		False	0.30	8.4	120	head_base
666	Vivillon	Bug	Flying	411	80	52	50	90	50	89	6	False	Black	True	0.5	Bug		False	1.19	17.0	45	four_wings
667	Litleo	Fire	Normal	369	62	50	58	73	54	72	6	False	Brown	True	0.125	Field		False	0.61	13.5	220	quadruped
668	Pyroar	Fire	Normal	507	86	68	72	109	66	106	6	False	Brown	True	0.125	Field		False	1.50	81.5	65	quadruped
669	Flabébé	Fairy		303	44	38	39	61	79	42	6	False	White	True	0	Fairy		False	0.10	0.1	225	head_arms
670	Floette	Fairy		371	54	45	47	75	98	52	6	False	White	True	0	Fairy		False	0.20	0.9	120	head_arms
671	Florges	Fairy		552	78	65	68	112	154	75	6	False	White	True	0	Fairy		False	1.09	10.0	45	head_arms
672	Skiddo	Grass		350	66	65	48	62	57	52	6	False	Brown	True	0.5	Field		False	0.89	31.0	200	quadruped
673	Gogoat	Grass		531	123	100	62	97	81	68	6	False	Brown	True	0.5	Field		False	1.70	91.0	45	quadruped
674	Pancham	Fighting		348	67	82	62	46	48	43	6	False	White	True	0.5	Field	Human-Like	False	0.61	8.0	220	bipedal_tailed
675	Pangoro	Fighting	Dark	495	95	124	78	69	71	58	6	False	White	True	0.5	Field	Human-Like	False	2.11	136.0	65	bipedal_tailless
676	Furfrou	Normal		472	75	80	60	65	90	102	6	False	White	True	0.5	Field		False	1.19	28.0	160	quadruped
677	Espurr	Psychic		355	62	48	54	63	60	68	6	False	Grey	True	0.5	Field		False	0.30	3.5	190	bipedal_tailed
678	Meowstic	Psychic		466	74	48	76	83	81	104	6	False	White	True	0.5	Field		False	0.61	8.5	75	bipedal_tailed
679	Honedge	Steel	Ghost	325	45	80	100	35	37	28	6	False	Brown	True	0.5	Mineral		False	0.79	2.0	180	head_base
680	Doublade	Steel	Ghost	448	59	110	150	45	49	35	6	False	Brown	True	0.5	Mineral		False	0.84	4.5	90	multiple_bodies
681	Aegislash	Steel	Ghost	520	60	50	150	50	150	60	6	False	Brown	True	0.5	Mineral		False	1.70	53.0	45	head_base
682	Spritzee	Fairy		341	78	52	60	63	65	23	6	False	Pink	True	0.5	Fairy		False	0.20	0.5	200	head_arms
683	Aromatisse	Fairy		462	101	72	72	99	89	29	6	False	Pink	True	0.5	Fairy		False	0.79	15.5	140	bipedal_tailless
684	Swirlix	Fairy		341	62	48	66	59	57	49	6	False	White	True	0.5	Fairy		False	0.41	3.5	200	head_legs
685	Slurpuff	Fairy		480	82	80	86	85	75	72	6	False	White	True	0.5	Fairy		False	0.79	5.0	140	bipedal_tailless
686	Inkay	Dark	Psychic	288	53	54	53	37	46	45	6	False	Blue	True	0.5	Water_1	Water_2	False	0.41	3.5	190	several_limbs
687	Malamar	Dark	Psychic	482	86	92	88	68	75	73	6	False	Blue	True	0.5	Water_1	Water_2	False	1.50	47.0	80	head_base
688	Binacle	Rock	Water	306	42	52	67	39	56	50	6	False	Brown	True	0.5	Water_3		False	0.51	31.0	120	multiple_bodies
689	Barbaracle	Rock	Water	500	72	105	115	54	86	68	6	False	Brown	True	0.5	Water_3		False	1.30	96.0	45	multiple_bodies
690	Skrelp	Poison	Water	320	50	60	60	60	60	30	6	False	Brown	True	0.5	Water_1	Dragon	False	0.51	7.3	225	head_base
691	Dragalge	Poison	Dragon	494	65	75	90	97	123	44	6	False	Brown	True	0.5	Water_1	Dragon	False	1.80	81.5	55	head_base
692	Clauncher	Water		330	50	53	62	58	63	44	6	False	Blue	True	0.5	Water_1	Water_3	False	0.51	8.3	225	insectoid
693	Clawitzer	Water		500	71	73	88	120	89	59	6	False	Blue	True	0.5	Water_1	Water_3	False	1.30	35.3	55	serpentine_body
694	Helioptile	Electric	Normal	289	44	38	33	61	43	70	6	False	Yellow	True	0.5	Monster	Dragon	False	0.51	6.0	190	bipedal_tailed
695	Heliolisk	Electric	Normal	481	62	55	52	109	94	109	6	False	Yellow	True	0.5	Monster	Dragon	False	0.99	21.0	75	bipedal_tailed
696	Tyrunt	Rock	Dragon	362	58	89	77	45	45	48	6	False	Brown	True	0.875	Monster	Dragon	False	0.79	26.0	45	bipedal_tailed
697	Tyrantrum	Rock	Dragon	521	82	121	119	69	59	71	6	False	Red	True	0.875	Monster	Dragon	False	2.49	270.0	45	bipedal_tailed
698	Amaura	Rock	Ice	362	77	59	50	67	63	46	6	False	Blue	True	0.875	Monster		False	1.30	25.2	45	quadruped
699	Aurorus	Rock	Ice	521	123	77	72	99	92	58	6	False	Blue	True	0.875	Monster		False	2.69	225.0	45	quadruped
700	Sylveon	Fairy		525	95	65	65	110	130	60	6	False	Pink	True	0.875	Field		False	0.99	23.5	45	quadruped
701	Hawlucha	Fighting	Flying	500	78	92	75	74	63	118	6	False	Green	True	0.5	Human-Like		False	0.79	21.5	100	bipedal_tailless
702	Dedenne	Electric	Fairy	431	67	58	57	81	67	101	6	False	Yellow	True	0.5	Field	Fairy	False	0.20	2.2	180	bipedal_tailed
703	Carbink	Rock	Fairy	500	50	50	150	50	150	50	6	False	Grey	False		Fairy	Mineral	False	0.30	5.7	60	head_only
704	Goomy	Dragon		300	45	50	35	55	75	40	6	False	Purple	True	0.5	Dragon		False	0.30	2.8	45	serpentine_body
705	Sliggoo	Dragon		452	68	75	53	83	113	60	6	False	Purple	True	0.5	Dragon		False	0.79	17.5	45	serpentine_body
706	Goodra	Dragon		600	90	100	70	110	150	80	6	False	Purple	True	0.5	Dragon		False	2.01	150.5	45	bipedal_tailed
707	Klefki	Steel	Fairy	470	57	80	91	80	87	75	6	False	Grey	True	0.5	Mineral		False	0.20	3.0	75	head_only
708	Phantump	Ghost	Grass	309	43	70	48	50	60	38	6	False	Brown	True	0.5	Grass	Amorphous	False	0.41	7.0	120	head_arms
709	Trevenant	Ghost	Grass	474	85	110	76	65	82	56	6	False	Brown	True	0.5	Grass	Amorphous	False	1.50	71.0	60	several_limbs
710	Pumpkaboo	Ghost	Grass	335	49	66	70	44	55	51	6	False	Brown	True	0.5	Amorphous		False	0.41	5.0	120	head_only
711	Gourgeist	Ghost	Grass	494	65	90	122	58	75	84	6	False	Brown	True	0.5	Amorphous		False	1.70	39.0	60	head_base
712	Bergmite	Ice		304	55	69	85	32	35	28	6	False	Blue	True	0.5	Monster		False	0.99	99.5	190	quadruped
713	Avalugg	Ice		514	95	117	184	44	46	28	6	False	Blue	True	0.5	Monster		False	2.01	505.0	55	quadruped
714	Noibat	Flying	Dragon	245	40	30	35	45	40	55	6	False	Purple	True	0.5	Flying		False	0.51	8.0	190	two_wings
715	Noivern	Flying	Dragon	535	85	70	80	97	80	123	6	False	Purple	True	0.5	Flying		False	1.50	85.0	45	two_wings
716	Xerneas	Fairy		680	126	131	95	131	98	99	6	True	Blue	False		Undiscovered		False	3.00	215.0	45	quadruped
717	Yveltal	Dark	Flying	680	126	131	95	131	98	99	6	True	Red	False		Undiscovered		False	5.79	203.0	45	two_wings
718	Zygarde	Dragon	Ground	600	108	100	121	81	95	95	6	True	Green	False		Undiscovered		False	5.0	305.0	3	serpentine_body
719	Diancie	Rock	Fairy	600	50	100	150	100	150	50	6	True	Pink	False		Undiscovered		True	0.71	8.8	3	head_arms
720	Hoopa	Psychic	Ghost	600	80	110	60	150	130	70	6	True	Purple	False		Undiscovered		False	0.51	9.0	3	head_only
721	Volcanion	Fire	Water	600	80	110	120	130	90	70	6	True	Brown	False		Undiscovered		False	1.70	195.0	3	quadruped
